// Auto-generated by convert_image.py — 24960 bytes
#ifndef MYIMG_DATA_H
#define MYIMG_DATA_H

#include <stdint.h>

const uint8_t myimg_data[24960] = {
    0x33, 0x33, 0x33, 0x33, 0x33, 0x33, 0x33, 0x33, 0x0C, 0x33, 0x3D, 0x1D, 0xDD, 0xDD, 0xDD, 0xDD,
    0xFF, 0xCC, 0xCC, 0xCC, 0xCC, 0xF2, 0xF2, 0xCF, 0x33, 0x3C, 0xF3, 0x3C, 0xF1, 0x3D, 0x11, 0xF4,
    0x4F, 0x33, 0x00, 0x00, 0x00, 0x00, 0x00, 0x00, 0x00, 0x00, 0x00, 0x00, 0x00, 0x00, 0x00, 0x00,
    0x00, 0x00, 0x00, 0x00, 0x00, 0x00, 0x00, 0x00, 0x00, 0x00, 0x00, 0x00, 0x30, 0xC1, 0x0C, 0x41,
    0x04, 0x10, 0x41, 0x0C, 0x43, 0x0C, 0x41, 0x11, 0x11, 0x11, 0x11, 0x11, 0x11, 0x22, 0x32, 0x22,
    0x21, 0x24, 0x13, 0x22, 0x22, 0x22, 0x22, 0x11, 0x13, 0x44, 0x44, 0x44, 0xD1, 0x10, 0x43, 0x0C,
    0x30, 0xC3, 0x0C, 0x30, 0xC3, 0x0C, 0x33, 0x0C, 0x30, 0xC3, 0x0C, 0x30, 0xC3, 0x0C, 0x30, 0xC3,
    0x0C, 0x30, 0x30, 0x30, 0xC3, 0x0C, 0x30, 0xC0, 0x34, 0x40, 0xC4, 0x30, 0xC1, 0x0C, 0x30, 0xC4,
    0x31, 0x04, 0x11, 0x11, 0x45, 0x14, 0x51, 0x44, 0x84, 0x8C, 0xC8, 0x33, 0x12, 0x12, 0xC4, 0x88,
    0xC8, 0xC8, 0x8C, 0x48, 0x44, 0x44, 0x44, 0x44, 0x40, 0x04, 0x00, 0x00, 0x00, 0x00, 0x30, 0x0C,
    0x00, 0xC0, 0xC0, 0x00, 0xC0, 0x00, 0x00, 0x00, 0x00, 0x00, 0x00, 0x00, 0x00, 0x03, 0x03, 0x00,
    0x00, 0x00, 0x00, 0x0C, 0x00, 0x34, 0x43, 0x11, 0x10, 0xC4, 0x44, 0x40, 0x40, 0x13, 0x11, 0x14,
    0x51, 0x45, 0x11, 0x12, 0x10, 0xC8, 0x82, 0x21, 0x21, 0x04, 0x48, 0x8C, 0x82, 0x23, 0x12, 0x31,
    0x11, 0x11, 0x11, 0x10, 0x11, 0x00, 0x30, 0x43, 0x31, 0x33, 0x01, 0x00, 0xC4, 0x0C, 0x0C, 0xC4,
    0x0C, 0xCC, 0xCC, 0xCC, 0xCC, 0xC3, 0x33, 0x33, 0x33, 0x00, 0x00, 0x0C, 0x33, 0x33, 0x0C, 0xC0,
    0xC4, 0x40, 0x31, 0x00, 0x0C, 0x40, 0x00, 0x34, 0x31, 0x01, 0x04, 0x44, 0x44, 0x44, 0x44, 0x88,
    0x4E, 0x20, 0xC8, 0x44, 0x84, 0x48, 0xC8, 0xC8, 0xE3, 0x31, 0x21, 0x11, 0x11, 0x11, 0x11, 0x34,
    0x40, 0x00, 0x00, 0x00, 0x00, 0x00, 0x40, 0x30, 0x40, 0x01, 0x00, 0x00, 0x00, 0x00, 0x00, 0x00,
    0x00, 0x10, 0x00, 0x00, 0x00, 0x43, 0x30, 0xC0, 0x40, 0x00, 0x10, 0x0C, 0x30, 0x31, 0x04, 0x11,
    0x10, 0x31, 0x11, 0x00, 0x40, 0x30, 0x4D, 0x11, 0x14, 0x51, 0x11, 0x31, 0x00, 0xC8, 0x84, 0xC8,
    0x44, 0x84, 0x84, 0x8C, 0x8E, 0x22, 0x10, 0x44, 0x44, 0x44, 0x44, 0x41, 0x08, 0x42, 0x04, 0x0C,
    0x40, 0xC4, 0x03, 0x04, 0x03, 0x10, 0x31, 0x0C, 0x41, 0x11, 0x11, 0x04, 0x41, 0x00, 0x41, 0x04,
    0x44, 0x00, 0x04, 0x04, 0x03, 0x10, 0x00, 0x40, 0x13, 0x10, 0xC3, 0x00, 0x04, 0x40, 0x00, 0xC4,
    0x31, 0x04, 0x11, 0x14, 0x44, 0x44, 0x48, 0x8C, 0xE2, 0x13, 0x4D, 0x11, 0x11, 0x22, 0x23, 0x22,
    0x20, 0x44, 0x44, 0x84, 0x44, 0x44, 0x44, 0x10, 0x00, 0x00, 0x00, 0x00, 0x04, 0x00, 0x30, 0x40,
    0x30, 0x00, 0x00, 0x00, 0x00, 0x00, 0x00, 0x00, 0x00, 0x0C, 0x00, 0x00, 0x00, 0x31, 0x00, 0x00,
    0x30, 0x01, 0x0C, 0x03, 0x01, 0x0C, 0x44, 0x44, 0x40, 0x11, 0x11, 0x03, 0x10, 0xC1, 0x04, 0x47,
    0x44, 0x48, 0x8C, 0xC8, 0x32, 0x08, 0x12, 0x11, 0x23, 0x13, 0x32, 0x04, 0xC4, 0x84, 0x89, 0x11,
    0x11, 0x11, 0x21, 0x08, 0x40, 0x00, 0x03, 0x10, 0x40, 0x10, 0x04, 0x03, 0x01, 0x0C, 0x41, 0x04,
    0x30, 0x00, 0x03, 0x03, 0x0C, 0x00, 0x30, 0xC0, 0x30, 0x00, 0x03, 0x0C, 0x04, 0x30, 0x00, 0x30,
    0xCC, 0x10, 0x00, 0x03, 0x31, 0x00, 0xC0, 0x44, 0x0C, 0x40, 0x44, 0x44, 0x46, 0x11, 0x21, 0x22,
    0x21, 0x11, 0x44, 0x44, 0x44, 0x8C, 0x48, 0x4C, 0x49, 0x11, 0x11, 0x11, 0x11, 0x20, 0x40, 0x40,
    0x00, 0x00, 0x40, 0x00, 0x03, 0x03, 0x00, 0x30, 0x10, 0x00, 0x00, 0x00, 0x04, 0xC4, 0xC0, 0x40,
    0x40, 0x41, 0x01, 0x04, 0x01, 0x0C, 0x30, 0x40, 0x40, 0x03, 0x13, 0x04, 0x13, 0x0D, 0x12, 0x10,
    0x40, 0xC4, 0x13, 0x01, 0x10, 0x34, 0x11, 0xD1, 0x11, 0x23, 0x10, 0x8C, 0x4C, 0x44, 0x91, 0x12,
    0x23, 0x22, 0x0C, 0xC8, 0x84, 0x44, 0x44, 0x44, 0x44, 0x44, 0x10, 0x0C, 0x04, 0x30, 0x00, 0x20,
    0x30, 0x30, 0x43, 0x01, 0x00, 0xC4, 0x30, 0xC3, 0x00, 0x00, 0x04, 0x0C, 0x0C, 0x00, 0x30, 0x00,
    0xC0, 0x01, 0x00, 0x00, 0x03, 0x10, 0x00, 0x40, 0x01, 0x30, 0x01, 0x0C, 0x11, 0x31, 0x0C, 0x40,
    0x0C, 0x43, 0x4C, 0x44, 0x88, 0xC4, 0x88, 0x21, 0x24, 0x44, 0x44, 0x44, 0x4C, 0x43, 0x22, 0x11,
    0x11, 0x11, 0x44, 0x44, 0x48, 0x01, 0x01, 0x01, 0x00, 0x00, 0x08, 0x01, 0x01, 0x04, 0x00, 0x40,
    0x0C, 0x00, 0x04, 0x10, 0x40, 0x43, 0x00, 0x00, 0xC0, 0xC3, 0x03, 0x0C, 0x10, 0xC0, 0x04, 0x31,
    0x00, 0x00, 0xC0, 0x03, 0xCC, 0x11, 0x10, 0xC4, 0x00, 0xC0, 0xC4, 0x34, 0x41, 0x04, 0x11, 0x21,
    0x11, 0x20, 0xC2, 0x13, 0x11, 0x19, 0x11, 0x22, 0x32, 0x38, 0x84, 0x84, 0x44, 0x51, 0x11, 0x11,
    0x11, 0x10, 0x00, 0x00, 0x00, 0x02, 0x00, 0x40, 0x10, 0x00, 0x30, 0x03, 0x01, 0x0C, 0x40, 0x00,
    0x0C, 0x00, 0x43, 0x10, 0x10, 0x10, 0x10, 0x41, 0x00, 0x10, 0xC0, 0x00, 0x31, 0x04, 0x10, 0xC3,
    0x13, 0x00, 0x0C, 0x41, 0x11, 0x11, 0x01, 0x00, 0x30, 0x33, 0x04, 0x44, 0xC8, 0x32, 0x23, 0x21,
    0x11, 0x84, 0x51, 0xD3, 0x10, 0x81, 0x31, 0x11, 0xD1, 0x11, 0x11, 0x11, 0x00, 0x00, 0xC0, 0x80,
    0x08, 0x20, 0x10, 0x03, 0x00, 0xC3, 0x04, 0x10, 0x10, 0x00, 0x03, 0x0C, 0x00, 0xC4, 0x00, 0x01,
    0x01, 0x03, 0x00, 0x00, 0x0C, 0x00, 0x03, 0x10, 0x00, 0x00, 0x00, 0x10, 0x01, 0x12, 0x10, 0x30,
    0x0C, 0x00, 0x40, 0x44, 0x44, 0xC4, 0x4C, 0x82, 0x23, 0x88, 0xC8, 0x44, 0x64, 0x51, 0x11, 0x08,
    0x88, 0xD3, 0x12, 0x1C, 0x45, 0x14, 0x44, 0x44, 0x84, 0x40, 0x04, 0x04, 0x00, 0x01, 0x00, 0x40,
    0x31, 0x04, 0x00, 0x03, 0x00, 0xC4, 0x30, 0x10, 0x4C, 0x00, 0x31, 0x00, 0x00, 0x00, 0x43, 0x04,
    0x31, 0x0C, 0x40, 0x03, 0x10, 0xC3, 0x04, 0x03, 0xCC, 0x01, 0x0D, 0x04, 0x41, 0x13, 0x13, 0x00,
    0x00, 0x40, 0x21, 0x13, 0x10, 0x23, 0x11, 0x11, 0x11, 0x11, 0x12, 0x21, 0x0C, 0x88, 0x44, 0x45,
    0x11, 0x11, 0x11, 0x01, 0x00, 0x01, 0x00, 0x00, 0x81, 0x10, 0x31, 0x04, 0x10, 0x00, 0x41, 0x00,
    0x43, 0x00, 0x04, 0x00, 0x01, 0x0C, 0x00, 0x30, 0xCC, 0x30, 0x00, 0x40, 0x00, 0x00, 0x0C, 0x40,
    0x00, 0x10, 0x40, 0x30, 0x13, 0x10, 0xC0, 0x40, 0x10, 0x08, 0x04, 0x84, 0x48, 0x08, 0x43, 0x32,
    0x0B, 0x84, 0x88, 0x46, 0x45, 0x11, 0x31, 0x30, 0xE1, 0x11, 0x2D, 0x11, 0x11, 0x10, 0x40, 0x48,
    0x10, 0x20, 0x00, 0x80, 0x00, 0x01, 0x10, 0x00, 0x03, 0x30, 0x00, 0x30, 0x00, 0x43, 0x00, 0x33,
    0x00, 0x10, 0x43, 0x04, 0x01, 0x04, 0x30, 0x03, 0x10, 0xC4, 0x00, 0x0C, 0x41, 0x00, 0x03, 0x03,
    0x01, 0x0C, 0x44, 0x31, 0x0C, 0x41, 0x30, 0x10, 0x31, 0x04, 0x34, 0x88, 0x8C, 0x42, 0x11, 0x11,
    0x11, 0x12, 0x13, 0x21, 0x04, 0xC4, 0x44, 0x44, 0x74, 0x44, 0x13, 0x01, 0x01, 0x00, 0x30, 0x04,
    0x44, 0x10, 0x04, 0x4C, 0x40, 0x41, 0x33, 0x04, 0x10, 0x01, 0x04, 0x00, 0x41, 0x00, 0x04, 0x00,
    0x40, 0x00, 0x04, 0x30, 0x00, 0x40, 0xC4, 0x00, 0x00, 0x0C, 0x30, 0x43, 0xCC, 0xC4, 0x03, 0x10,
    0xC4, 0x10, 0x44, 0x0C, 0x40, 0xC3, 0x03, 0x23, 0x12, 0x1D, 0x11, 0x91, 0x44, 0x48, 0x4C, 0x8C,
    0x8D, 0x11, 0x11, 0x1D, 0x11, 0x11, 0x01, 0x10, 0x00, 0x03, 0x04, 0x40, 0x03, 0x08, 0x40, 0x20,
    0x04, 0x00, 0x01, 0x00, 0x03, 0x10, 0x00, 0xC4, 0x00, 0x0C, 0xC0, 0x40, 0x03, 0x0C, 0x40, 0x04,
    0x30, 0x00, 0x00, 0xC4, 0x33, 0x01, 0x04, 0x03, 0x10, 0x43, 0x10, 0x41, 0x02, 0x0C, 0x01, 0x10,
    0x21, 0x32, 0x22, 0x04, 0x84, 0x44, 0x44, 0x44, 0x44, 0x84, 0x38, 0xD1, 0x11, 0x11, 0xD1, 0x44,
    0x44, 0x40, 0xC0, 0x00, 0xC8, 0x30, 0x40, 0x04, 0x44, 0x44, 0x24, 0x84, 0x40, 0xCC, 0x40, 0x31,
    0x30, 0x03, 0x30, 0x40, 0xCC, 0xC0, 0x0C, 0x0C, 0x30, 0x40, 0x03, 0x00, 0x10, 0xCC, 0x40, 0x00,
    0x10, 0x40, 0x00, 0x33, 0x0C, 0x31, 0x0C, 0x30, 0x44, 0xD1, 0x10, 0xC8, 0x40, 0xC4, 0x33, 0x23,
    0x12, 0x11, 0x14, 0x44, 0x48, 0x43, 0xC1, 0x08, 0x44, 0x44, 0x44, 0x44, 0x44, 0x21, 0x08, 0x08,
    0x01, 0x04, 0x21, 0x10, 0xC2, 0x21, 0x08, 0x40, 0x0C, 0x04, 0x0C, 0x40, 0x04, 0x10, 0x10, 0x0C,
    0x10, 0x11, 0x00, 0xC1, 0x04, 0x0C, 0x30, 0x41, 0x00, 0x00, 0x0C, 0x41, 0x00, 0x0C, 0x10, 0xC3,
    0xC4, 0x10, 0xC4, 0x44, 0x03, 0x00, 0xC8, 0x43, 0x34, 0x23, 0x21, 0x31, 0x21, 0x14, 0x44, 0x74,
    0x84, 0x38, 0x88, 0x44, 0x74, 0x64, 0x64, 0x46, 0x11, 0x00, 0x00, 0x80, 0x40, 0x41, 0x04, 0x34,
    0x44, 0x48, 0x84, 0x21, 0x01, 0x00, 0xC0, 0x04, 0x00, 0x01, 0x03, 0x01, 0x01, 0x00, 0x10, 0x40,
    0x00, 0x31, 0x04, 0x00, 0x0C, 0x44, 0x00, 0x00, 0x0C, 0x10, 0x03, 0x13, 0x33, 0x0C, 0x40, 0x03,
    0x84, 0x44, 0x43, 0x11, 0x02, 0x0C, 0x8C, 0x84, 0x45, 0x11, 0x47, 0x48, 0x42, 0x30, 0x84, 0xD1,
    0x11, 0x11, 0x11, 0x11, 0x10, 0x44, 0x20, 0x04, 0x10, 0x10, 0x41, 0x12, 0x12, 0x21, 0x22, 0x10,
    0xC0, 0x10, 0x11, 0x00, 0x4D, 0x30, 0x30, 0x40, 0x30, 0x0C, 0x00, 0x0C, 0x43, 0x00, 0x00, 0x30,
    0xC4, 0x44, 0x10, 0x43, 0x10, 0x01, 0x30, 0x03, 0x31, 0x10, 0x21, 0x10, 0x40, 0x30, 0x11, 0x00,
    0x8C, 0x88, 0x22, 0x12, 0x11, 0x44, 0x74, 0x84, 0xE3, 0x22, 0x31, 0x24, 0x74, 0x51, 0x45, 0x11,
    0x11, 0x00, 0x00, 0x40, 0x04, 0x44, 0x44, 0x44, 0x48, 0x48, 0x84, 0x08, 0x13, 0x01, 0x00, 0x33,
    0x00, 0x04, 0x04, 0x04, 0x03, 0x10, 0x4C, 0x40, 0x0C, 0x44, 0x10, 0xC4, 0x41, 0x53, 0x00, 0x0C,
    0x01, 0x30, 0x04, 0x43, 0xC4, 0x08, 0x40, 0xC4, 0x34, 0x44, 0x80, 0x88, 0xC8, 0xCE, 0x11, 0x34,
    0x51, 0x17, 0x44, 0x42, 0x04, 0x8C, 0x44, 0x44, 0x45, 0x14, 0x44, 0x44, 0x40, 0x82, 0x04, 0x0D,
    0x11, 0x31, 0x11, 0x21, 0x21, 0x04, 0x22, 0x21, 0x00, 0x40, 0x31, 0x04, 0x13, 0x00, 0x40, 0xC0,
    0x41, 0x00, 0x00, 0x04, 0x30, 0x00, 0x03, 0x01, 0x11, 0x1C, 0x43, 0x04, 0x10, 0x04, 0x00, 0x0C,
    0x03, 0x10, 0x11, 0x03, 0x03, 0x01, 0x34, 0x31, 0x31, 0x20, 0x8C, 0x44, 0x45, 0x44, 0x48, 0x84,
    0x8C, 0xC4, 0x88, 0x45, 0x11, 0x11, 0x11, 0x11, 0x21, 0x00, 0x00, 0x30, 0x41, 0x11, 0x21, 0x12,
    0x10, 0x88, 0x88, 0x40, 0x20, 0x08, 0xC0, 0x03, 0x01, 0x10, 0x0C, 0x4C, 0x00, 0x31, 0x31, 0x00,
    0xC4, 0x13, 0x11, 0x13, 0x47, 0x40, 0x0C, 0x40, 0x03, 0x00, 0x4C, 0x43, 0xD0, 0xCC, 0x40, 0xD1,
    0x11, 0x10, 0xC3, 0x10, 0x88, 0x38, 0x44, 0x44, 0x51, 0x11, 0x11, 0x33, 0x22, 0x22, 0x11, 0x11,
    0x45, 0x11, 0x44, 0x40, 0x40, 0x10, 0x03, 0x11, 0x21, 0x11, 0x12, 0x21, 0x21, 0x21, 0x10, 0x22,
    0x04, 0xC1, 0x13, 0x41, 0x30, 0x01, 0x30, 0x01, 0x31, 0x00, 0x00, 0x30, 0x40, 0x00, 0x01, 0x14,
    0x44, 0x04, 0x10, 0x0C, 0x41, 0x10, 0x00, 0x04, 0x0C, 0x41, 0x0D, 0x00, 0x0C, 0x08, 0x48, 0x8C,
    0xC2, 0x32, 0x38, 0x61, 0x14, 0x44, 0x48, 0x88, 0x8C, 0x84, 0x44, 0x74, 0x44, 0x51, 0x11, 0x24,
    0x04, 0x00, 0x40, 0x00, 0x44, 0x48, 0x44, 0x44, 0x84, 0x88, 0x08, 0x80, 0x40, 0x10, 0x00, 0x00,
    0x10, 0x40, 0x11, 0x10, 0x00, 0x13, 0x13, 0x10, 0x0C, 0x4C, 0x44, 0x45, 0x10, 0x40, 0x03, 0x04,
    0x00, 0x01, 0x11, 0x03, 0x30, 0x10, 0xC0, 0xC4, 0x44, 0x43, 0x03, 0x32, 0x23, 0x21, 0x11, 0x15,
    0x44, 0x51, 0x23, 0x23, 0x21, 0x31, 0x11, 0x11, 0x11, 0x11, 0x20, 0x40, 0x40, 0x00, 0x04, 0x44,
    0x44, 0x84, 0x88, 0x82, 0x10, 0x41, 0x21, 0x04, 0x0C, 0x43, 0x31, 0x13, 0x03, 0x04, 0x00, 0x03,
    0x11, 0x00, 0x01, 0x01, 0x04, 0xD1, 0x1D, 0xD1, 0x03, 0x0C, 0x40, 0x40, 0xC4, 0xC0, 0x00, 0x13,
    0xC4, 0x0C, 0x11, 0x0C, 0x30, 0xC4, 0x84, 0x88, 0x32, 0x30, 0xC4, 0x41, 0x11, 0x12, 0x12, 0x08,
    0x48, 0x84, 0x84, 0x44, 0x51, 0x11, 0x11, 0x0C, 0x00, 0xC8, 0x00, 0x21, 0x31, 0x11, 0x11, 0x11,
    0x08, 0x84, 0x80, 0xC0, 0xC4, 0x0C, 0x40, 0x00, 0x41, 0x03, 0x10, 0xC4, 0x00, 0x31, 0x10, 0xD0,
    0x44, 0x44, 0x11, 0x44, 0xC4, 0x30, 0x04, 0x0C, 0x00, 0x44, 0xC4, 0x03, 0x01, 0x04, 0x0C, 0xD1,
    0x21, 0x20, 0xC3, 0x02, 0x20, 0x84, 0x44, 0x51, 0x14, 0x4C, 0x43, 0x10, 0xCC, 0x48, 0x47, 0x45,
    0x11, 0x11, 0x00, 0x30, 0x20, 0x00, 0x41, 0x04, 0x44, 0x48, 0x82, 0x08, 0x44, 0x42, 0x11, 0x21,
    0x00, 0xC0, 0x04, 0xC4, 0x00, 0x10, 0x01, 0x00, 0x43, 0x00, 0x44, 0x45, 0x1D, 0x51, 0xD1, 0x10,
    0x03, 0x04, 0x41, 0xD0, 0x44, 0x00, 0x03, 0x13, 0xC0, 0xC3, 0x10, 0x00, 0x04, 0x0C, 0x48, 0x88,
    0xCC, 0x32, 0x12, 0x11, 0x44, 0x84, 0x22, 0x08, 0x84, 0x84, 0x44, 0x44, 0x44, 0x44, 0x44, 0x12,
    0x01, 0x04, 0x08, 0x42, 0x12, 0x11, 0x10, 0x44, 0x88, 0x44, 0x00, 0x00, 0x10, 0x44, 0x40, 0x00,
    0x44, 0x01, 0x30, 0x10, 0x0C, 0x44, 0x45, 0xD1, 0xD1, 0x17, 0x40, 0x0C, 0x4C, 0x40, 0xD1, 0x10,
    0x00, 0xC4, 0x41, 0x03, 0x31, 0x0C, 0x0C, 0x48, 0x43, 0x23, 0x0C, 0xCC, 0x23, 0x10, 0xC4, 0x44,
    0x48, 0x4E, 0x33, 0x8C, 0x88, 0x44, 0x44, 0x44, 0x44, 0x40, 0x02, 0x00, 0x00, 0x00, 0xC0, 0x11,
    0x21, 0x08, 0x21, 0x20, 0x44, 0x21, 0x12, 0x13, 0x00, 0x00, 0x0C, 0x44, 0x00, 0xCC, 0x04, 0x0C,
    0xC4, 0x47, 0x74, 0x5D, 0x14, 0x74, 0x41, 0x31, 0x04, 0x1D, 0x1D, 0x44, 0xC4, 0x00, 0x30, 0x33,
    0x00, 0x31, 0x04, 0x00, 0x32, 0x04, 0x88, 0x8C, 0x80, 0x0C, 0x48, 0x44, 0x84, 0xC8, 0xC8, 0x22,
    0x13, 0x11, 0x11, 0x11, 0x12, 0x11, 0x10, 0x00, 0x40, 0x82, 0x11, 0x20, 0x44, 0x84, 0x48, 0x12,
    0x31, 0x10, 0x80, 0x00, 0x4C, 0x43, 0x10, 0x00, 0xCC, 0x41, 0x00, 0x41, 0x11, 0x11, 0x11, 0x11,
    0x11, 0x45, 0x13, 0x44, 0x75, 0xD1, 0x11, 0x10, 0x03, 0x13, 0x04, 0x13, 0x33, 0x00, 0x00, 0xC8,
    0xC0, 0x40, 0xC3, 0x08, 0x32, 0x32, 0x04, 0xC8, 0x44, 0x42, 0x22, 0x08, 0x08, 0x48, 0x44, 0x44,
    0x41, 0x00, 0x00, 0x40, 0x0C, 0x04, 0x02, 0x11, 0x21, 0x10, 0x81, 0x08, 0x44, 0x48, 0x13, 0x10,
    0x04, 0x08, 0x01, 0x31, 0x04, 0x30, 0xC4, 0x00, 0xC4, 0x75, 0xD7, 0x51, 0x74, 0x51, 0x1D, 0x11,
    0x11, 0x11, 0x10, 0xC3, 0x41, 0x00, 0x40, 0x03, 0x00, 0x42, 0x30, 0x01, 0x23, 0x3C, 0x88, 0x83,
    0x00, 0x20, 0x42, 0x11, 0x33, 0x23, 0x0C, 0x81, 0x11, 0x34, 0x4D, 0x31, 0x30, 0x44, 0x8C, 0x08,
    0x01, 0x00, 0x84, 0x08, 0x82, 0x08, 0x10, 0x84, 0x10, 0x31, 0x01, 0x02, 0x00, 0xC3, 0x30, 0x00,
    0xC3, 0x44, 0x40, 0xC4, 0x51, 0xD1, 0x11, 0x1D, 0x11, 0x1D, 0x34, 0x5D, 0x45, 0x11, 0x0C, 0x10,
    0x00, 0x10, 0x04, 0x43, 0x30, 0x00, 0x08, 0x80, 0x08, 0x22, 0x03, 0x32, 0x23, 0x04, 0x21, 0x32,
    0x12, 0x32, 0x20, 0x10, 0xC0, 0x81, 0x04, 0x10, 0x10, 0x00, 0x00, 0x00, 0x80, 0x88, 0x42, 0x41,
    0x10, 0x41, 0x08, 0x41, 0x08, 0x44, 0x30, 0x20, 0xC8, 0x84, 0x4C, 0x48, 0x41, 0x01, 0x30, 0x11,
    0x1D, 0x14, 0x51, 0x44, 0x44, 0x44, 0x45, 0x11, 0x1C, 0x40, 0xC1, 0x00, 0xC4, 0x0C, 0x40, 0x04,
    0x01, 0x0C, 0x40, 0x12, 0x32, 0x00, 0xE0, 0x80, 0x00, 0x43, 0x0C, 0x84, 0xC8, 0xC8, 0x08, 0xCC,
    0x84, 0x10, 0x41, 0x04, 0x04, 0x10, 0x20, 0x80, 0x20, 0x10, 0x20, 0x20, 0x08, 0x20, 0x84, 0x30,
    0x44, 0x03, 0x12, 0x0C, 0x44, 0x4C, 0xE1, 0x30, 0x12, 0x14, 0x40, 0x34, 0x74, 0x47, 0x44, 0x44,
    0x47, 0x75, 0x51, 0xD1, 0x44, 0x31, 0x04, 0x34, 0x40, 0x40, 0x0C, 0x40, 0x30, 0x00, 0x0C, 0xC3,
    0x20, 0xE2, 0x0C, 0x32, 0x30, 0x30, 0x88, 0x23, 0x20, 0x82, 0x30, 0x80, 0x02, 0x04, 0x00, 0xC0,
    0x40, 0x02, 0x00, 0x08, 0x04, 0x88, 0x48, 0x48, 0x82, 0x04, 0x20, 0x84, 0x02, 0x12, 0x00, 0x47,
    0xD2, 0xDD, 0x12, 0x13, 0x10, 0x34, 0x03, 0x04, 0x45, 0x11, 0x1D, 0x1D, 0x11, 0x12, 0x13, 0x44,
    0xD1, 0x10, 0x4D, 0xD1, 0x30, 0x04, 0x40, 0x0C, 0x00, 0xC8, 0xC2, 0x32, 0x0C, 0x30, 0xC8, 0x00,
    0x08, 0x88, 0xC1, 0x32, 0x08, 0x20, 0x04, 0x04, 0x80, 0x40, 0xD0, 0x48, 0x02, 0x00, 0x08, 0x82,
    0x20, 0x20, 0x20, 0x08, 0x10, 0x42, 0x04, 0x02, 0x10, 0xC0, 0x87, 0xE1, 0x2D, 0x38, 0x74, 0xC0,
    0x44, 0x40, 0xC0, 0x40, 0xC2, 0x44, 0x48, 0x48, 0x47, 0x45, 0x11, 0x11, 0x31, 0x34, 0x74, 0x45,
    0x11, 0x00, 0x04, 0xC4, 0x0C, 0x00, 0x20, 0xC8, 0xC8, 0x88, 0x03, 0x22, 0x03, 0x02, 0x23, 0x20,
    0x82, 0x0C, 0x80, 0x00, 0x04, 0x00, 0x00, 0x00, 0x20, 0x20, 0x80, 0x20, 0x48, 0x84, 0x8E, 0x22,
    0x08, 0x20, 0x42, 0x10, 0xC8, 0x22, 0x1E, 0x1C, 0x84, 0x91, 0xE3, 0x20, 0xC3, 0x10, 0x10, 0x34,
    0x44, 0x12, 0x11, 0x11, 0x21, 0x1D, 0x12, 0x1D, 0x1D, 0x11, 0x11, 0xD7, 0x40, 0xC4, 0xC0, 0x40,
    0x02, 0x32, 0x08, 0x83, 0x20, 0xC2, 0x20, 0x00, 0xE0, 0x88, 0x32, 0x08, 0xCC, 0xC0, 0x03, 0x00,
    0x40, 0x31, 0x08, 0x04, 0x00, 0x00, 0x08, 0x04, 0x02, 0x02, 0x00, 0x80, 0x82, 0x08, 0x20, 0xC8,
    0x23, 0x11, 0xE1, 0xCB, 0x7E, 0xDE, 0x34, 0x84, 0x44, 0x02, 0x02, 0x12, 0x11, 0x31, 0x13, 0x13,
    0x11, 0x11, 0xD1, 0x44, 0x74, 0x67, 0x74, 0x44, 0x43, 0x00, 0x10, 0x0C, 0x30, 0x08, 0xCC, 0x22,
    0x08, 0x20, 0x02, 0x23, 0x08, 0xCC, 0x8C, 0x8C, 0x82, 0x08, 0x20, 0x20, 0x00, 0x00, 0x00, 0x40,
    0x08, 0x22, 0x02, 0x22, 0x20, 0x88, 0xC8, 0x22, 0x20, 0x88, 0x8C, 0x82, 0x0C, 0x8B, 0x44, 0x88,
    0xB7, 0x7E, 0xCC, 0x4F, 0x02, 0x00, 0x31, 0x34, 0x44, 0xC4, 0xC4, 0x4D, 0x11, 0x99, 0x11, 0xD9,
    0xD6, 0x44, 0x44, 0x4C, 0x31, 0x11, 0x01, 0x04, 0x03, 0x20, 0x42, 0x30, 0x83, 0x0C, 0x80, 0x02,
    0x03, 0x22, 0x32, 0x08, 0x30, 0x00, 0x00, 0x00, 0x08, 0x10, 0x20, 0x02, 0x00, 0x00, 0x88, 0x02,
    0x08, 0xC0, 0x82, 0x0C, 0xC8, 0x8C, 0xC8, 0x20, 0x87, 0x74, 0x8F, 0xF7, 0x49, 0xE1, 0x2D, 0x34,
    0x4C, 0x30, 0x44, 0x41, 0x32, 0x13, 0x44, 0x81, 0x1D, 0x11, 0x44, 0x44, 0x44, 0x43, 0x30, 0x01,
    0x00, 0x00, 0x30, 0x03, 0x30, 0x0C, 0x23, 0x23, 0x30, 0x80, 0x32, 0x30, 0x88, 0x83, 0x20, 0xC3,
    0x08, 0xC1, 0x01, 0x01, 0x00, 0x02, 0x00, 0x20, 0x22, 0x20, 0x02, 0x20, 0x88, 0x88, 0x20, 0x88,
    0x8C, 0xC8, 0x8E, 0x32, 0x12, 0x22, 0x2E, 0x22, 0xDE, 0xDC, 0x92, 0xC7, 0x01, 0x00, 0x0C, 0x13,
    0x00, 0x48, 0x47, 0x46, 0x47, 0x44, 0x74, 0x84, 0x44, 0x00, 0x13, 0x10, 0x11, 0x0C, 0x41, 0x33,
    0x02, 0x08, 0xC8, 0x32, 0x08, 0x08, 0x00, 0x08, 0x30, 0x22, 0x08, 0x8C, 0x80, 0x00, 0x00, 0x00,
    0x03, 0x00, 0x08, 0x00, 0x00, 0x08, 0x48, 0xC8, 0x20, 0x22, 0x08, 0xC8, 0x22, 0x23, 0x20, 0x84,
    0xFB, 0x4F, 0xF1, 0x2D, 0x2D, 0x2E, 0x17, 0x44, 0x81, 0x03, 0x44, 0x44, 0x84, 0x11, 0x11, 0x1D,
    0x19, 0x13, 0x21, 0x03, 0x23, 0x44, 0x00, 0x03, 0x00, 0x10, 0x0C, 0x13, 0x00, 0xC2, 0x0C, 0x88,
    0xC0, 0xC0, 0xC8, 0x83, 0x22, 0x30, 0x80, 0x00, 0x00, 0x80, 0x00, 0x00, 0x20, 0x20, 0x80, 0x8C,
    0x88, 0x82, 0x02, 0x22, 0x08, 0x80, 0x82, 0x32, 0x3C, 0x88, 0x8F, 0x22, 0xD2, 0x22, 0x1C, 0xB4,
    0x78, 0x84, 0xFC, 0xB4, 0x33, 0x00, 0x04, 0x21, 0x0C, 0x05, 0xC7, 0x45, 0x44, 0x44, 0x44, 0xD1,
    0x11, 0x11, 0x0C, 0x41, 0x13, 0x01, 0x04, 0x03, 0x30, 0x83, 0x22, 0x03, 0x20, 0x0C, 0x00, 0x32,
    0x0C, 0xC8, 0x32, 0x20, 0x80, 0x00, 0x30, 0x20, 0x02, 0x00, 0x08, 0x00, 0x00, 0x20, 0x88, 0x0C,
    0x8C, 0x23, 0x20, 0x88, 0xC8, 0xF3, 0x21, 0xFD, 0x2F, 0xF7, 0x8B, 0xCB, 0xB7, 0x7E, 0x11, 0x11,
    0x81, 0x03, 0x13, 0x44, 0xC4, 0x4D, 0x11, 0x1C, 0x51, 0x21, 0xD0, 0xC4, 0xD1, 0xDE, 0x10, 0x00,
    0x00, 0x40, 0xC0, 0x43, 0x00, 0x22, 0x08, 0xE2, 0x0C, 0x80, 0x8C, 0x80, 0x82, 0x0C, 0x80, 0x00,
    0x00, 0x04, 0x02, 0x02, 0x00, 0x12, 0x03, 0x22, 0x22, 0x08, 0x32, 0x20, 0xC8, 0x8C, 0x8C, 0xCC,
    0x88, 0x88, 0x8F, 0x87, 0x8C, 0x48, 0xF2, 0x31, 0xF2, 0x31, 0xC8, 0xB4, 0x70, 0x40, 0x08, 0x0C,
    0x41, 0x00, 0x74, 0x65, 0x1D, 0x14, 0x47, 0x4D, 0x1D, 0x14, 0x03, 0x13, 0x10, 0x04, 0x10, 0x33,
    0x08, 0x00, 0x43, 0x08, 0xC8, 0x08, 0x00, 0x38, 0x20, 0x88, 0x33, 0x0C, 0x08, 0x00, 0x00, 0x00,
    0x22, 0x00, 0x84, 0x00, 0x08, 0xC2, 0x20, 0xC8, 0x82, 0x08, 0x32, 0x22, 0x33, 0x33, 0xEC, 0x72,
    0x2E, 0xE2, 0x13, 0x2D, 0xB4, 0xB8, 0xB5, 0xD2, 0xD3, 0x48, 0x41, 0x10, 0x30, 0x32, 0x11, 0x11,
    0x74, 0x4D, 0x11, 0x12, 0x11, 0x44, 0x40, 0x01, 0x01, 0x00, 0x01, 0x04, 0x00, 0xC8, 0x22, 0x20,
    0x83, 0x00, 0xC8, 0x83, 0x08, 0x30, 0xC0, 0x00, 0x80, 0x00, 0x20, 0x08, 0x00, 0x88, 0x02, 0x22,
    0x20, 0x88, 0x08, 0x82, 0x20, 0xC2, 0x20, 0x83, 0x22, 0x2E, 0x12, 0xEF, 0xC4, 0x44, 0xFB, 0x74,
    0x7B, 0xC4, 0xC5, 0x48, 0x40, 0x40, 0x00, 0x0D, 0x0C, 0x84, 0x44, 0x44, 0x46, 0x13, 0x48, 0x44,
    0x44, 0x30, 0x04, 0x40, 0x30, 0x13, 0x10, 0x00, 0x0C, 0x03, 0x30, 0xC8, 0x20, 0x8C, 0x00, 0x32,
    0x33, 0x20, 0x82, 0x08, 0x00, 0x20, 0x00, 0x80, 0x88, 0x01, 0x20, 0x20, 0x8C, 0x02, 0x30, 0x20,
    0xC8, 0x88, 0x08, 0x32, 0x33, 0x32, 0x2D, 0x22, 0x4B, 0xBE, 0xB1, 0xBA, 0xD1, 0x2D, 0xDE, 0x74,
    0x70, 0x14, 0x00, 0x00, 0x11, 0x10, 0xC8, 0xCD, 0x11, 0x04, 0x11, 0x00, 0x03, 0x04, 0x30, 0x0C,
    0x41, 0x01, 0x03, 0x13, 0x00, 0xC8, 0x22, 0x0C, 0x8C, 0x20, 0x88, 0xC8, 0x20, 0x8C, 0x00, 0x00,
    0x00, 0x00, 0x00, 0x00, 0x01, 0x20, 0x88, 0x8C, 0x08, 0x88, 0xC8, 0x8C, 0x83, 0x02, 0x33, 0x23,
    0x22, 0x2D, 0xFC, 0x84, 0xE1, 0x2D, 0xDB, 0x67, 0x7B, 0x84, 0x87, 0x4F, 0xD3, 0x04, 0x44, 0x30,
    0xC1, 0x04, 0x10, 0x10, 0x00, 0x00, 0x00, 0xD3, 0x10, 0x40, 0x43, 0x10, 0x0C, 0x30, 0x31, 0x03,
    0x00, 0x00, 0xC0, 0x88, 0xC8, 0xCC, 0x03, 0x02, 0x08, 0x02, 0x20, 0x00, 0x08, 0x00, 0x82, 0x08,
    0x80, 0x08, 0x02, 0x08, 0x80, 0x30, 0x82, 0x08, 0x20, 0x8C, 0xC8, 0xC8, 0x8F, 0xE3, 0x87, 0xE2,
    0x1F, 0xF8, 0x4D, 0x1D, 0x24, 0x7E, 0xFB, 0xDD, 0x24, 0x04, 0xCC, 0xC0, 0x00, 0x00, 0x01, 0x03,
    0x23, 0x13, 0x10, 0x01, 0x00, 0x0C, 0x0C, 0x01, 0x04, 0x13, 0x10, 0x33, 0x0C, 0x0C, 0x08, 0x0C,
    0x82, 0x08, 0x8C, 0x88, 0xC2, 0x20, 0x02, 0x20, 0x80, 0x08, 0x00, 0x00, 0x32, 0x22, 0x20, 0xC0,
    0x22, 0x08, 0x20, 0xC2, 0x08, 0x20, 0x80, 0x8C, 0xC8, 0x44, 0x72, 0x1F, 0xF2, 0x11, 0xE2, 0xB7,
    0x9E, 0x38, 0x44, 0x48, 0x4C, 0x01, 0x11, 0x10, 0x00, 0xCC, 0x40, 0x30, 0x41, 0x01, 0x01, 0x30,
    0x31, 0x01, 0x04, 0x40, 0x00, 0x00, 0x03, 0x13, 0x00, 0x00, 0x80, 0xC8, 0x30, 0x80, 0x08, 0x00,
    0x8C, 0xCC, 0x80, 0x00, 0x00, 0x80, 0x00, 0x82, 0x08, 0x00, 0xC8, 0x88, 0xC0, 0x82, 0x0C, 0x8C,
    0xC3, 0x08, 0x38, 0xC8, 0x8B, 0xBE, 0x2E, 0xC8, 0x8B, 0xBB, 0xBC, 0x6D, 0xED, 0xC7, 0xE1, 0x2F,
    0x1D, 0x00, 0x80, 0x00, 0xCC, 0x10, 0x31, 0x04, 0x00, 0x30, 0x30, 0x04, 0x10, 0x10, 0x00, 0x04,
    0xD1, 0x31, 0x10, 0x03, 0x00, 0xC0, 0x0C, 0x03, 0x23, 0x08, 0xC0, 0x88, 0x32, 0x08, 0x32, 0x08,
    0x30, 0x00, 0xC8, 0x00, 0x03, 0x22, 0x00, 0x02, 0x23, 0x30, 0xC8, 0x20, 0x88, 0x83, 0x08, 0x88,
    0xD3, 0xE2, 0xF1, 0x23, 0xE3, 0x1D, 0xD8, 0xDE, 0x74, 0xBD, 0x1F, 0xF4, 0x4C, 0x80, 0x11, 0x0C,
    0x11, 0x01, 0x00, 0xC0, 0xC4, 0x13, 0x13, 0x10, 0x03, 0x03, 0x10, 0xC0, 0x00, 0x10, 0x01, 0x13,
    0x0C, 0x02, 0x00, 0x82, 0x00, 0x80, 0x23, 0x03, 0x20, 0x83, 0x20, 0xC0, 0xC8, 0x30, 0x00, 0x20,
    0x80, 0x00, 0x88, 0x8C, 0x0C, 0x88, 0x83, 0x08, 0x03, 0x32, 0x23, 0x23, 0xC9, 0x13, 0xD2, 0xFE,
    0x34, 0x6E, 0x1D, 0x34, 0x92, 0xCB, 0x48, 0x4E, 0x1D, 0x13, 0x00, 0xC4, 0x00, 0x30, 0x10, 0x4C,
    0x43, 0x00, 0x01, 0x03, 0x41, 0x08, 0x01, 0x04, 0x10, 0x01, 0x30, 0x03, 0x00, 0x00, 0x0C, 0x00,
    0x20, 0x32, 0x00, 0x8C, 0x8C, 0x32, 0x0C, 0x20, 0x80, 0x08, 0x82, 0x00, 0x08, 0x88, 0x03, 0x08,
    0x82, 0x00, 0x32, 0x33, 0x22, 0x23, 0x12, 0x3D, 0x2C, 0xBE, 0x23, 0x23, 0x4B, 0xB7, 0x7B, 0x89,
    0xE7, 0x44, 0xB4, 0xE1, 0xCC, 0x4D, 0x11, 0x00, 0x41, 0x04, 0x04, 0x04, 0x01, 0x04, 0x40, 0x30,
    0x00, 0x31, 0x30, 0x00, 0xC1, 0x30, 0x04, 0xC4, 0x00, 0x30, 0x00, 0x20, 0x0C, 0x80, 0xC8, 0x08,
    0x02, 0x08, 0xC8, 0x8C, 0x08, 0x80, 0x00, 0x32, 0x00, 0x00, 0xCC, 0x80, 0x20, 0xC8, 0x80, 0x82,
    0x0C, 0x08, 0x8F, 0x48, 0xBB, 0xC8, 0x4B, 0x2C, 0xBD, 0xD2, 0xD1, 0xE3, 0x77, 0xB1, 0xD2, 0x3C,
    0x7F, 0x13, 0x4C, 0x44, 0x0C, 0x03, 0x00, 0xC0, 0xD0, 0x30, 0x04, 0x11, 0x13, 0x10, 0x04, 0xC4,
    0x10, 0x04, 0x40, 0x00, 0x0C, 0x00, 0xC0, 0x03, 0x00, 0x0C, 0x03, 0x00, 0xC8, 0x30, 0x80, 0x32,
    0x00, 0x32, 0x22, 0x00, 0x30, 0x30, 0x00, 0x08, 0x0C, 0x83, 0x23, 0x20, 0x82, 0xC8, 0xE0, 0x8E,
    0x13, 0x4B, 0xF2, 0x34, 0xE2, 0x27, 0xAE, 0xDF, 0xB9, 0xE2, 0xDF, 0x44, 0xC4, 0xCC, 0x04, 0x00,
    0xC1, 0x10, 0x44, 0x10, 0x03, 0x10, 0x40, 0x00, 0x00, 0x03, 0x00, 0x00, 0x03, 0x10, 0x0C, 0x44,
    0x00, 0x00, 0x02, 0x00, 0x33, 0x02, 0x30, 0x8C, 0x00, 0xC8, 0x38, 0x80, 0x88, 0x80, 0x0C, 0xC8,
    0x08, 0x02, 0x22, 0x03, 0x20, 0x20, 0x00, 0x0C, 0x20, 0x84, 0xC7, 0x2F, 0xF8, 0xBC, 0x88, 0xC8,
    0x84, 0xF2, 0x11, 0xE4, 0xD1, 0xDC, 0x79, 0x3F, 0x83, 0x30, 0x40, 0xC8, 0x40, 0x00, 0x00, 0x01,
    0x10, 0x01, 0x0C, 0x41, 0x04, 0x41, 0x13, 0x44, 0x41, 0x03, 0x10, 0x00, 0x00, 0xC1, 0x00, 0x00,
    0x00, 0x80, 0x08, 0x02, 0x20, 0x00, 0x80, 0x22, 0x0C, 0x22, 0x20, 0x82, 0x30, 0x80, 0x00, 0x30,
    0x02, 0x02, 0x22, 0x23, 0x08, 0x4F, 0x88, 0xB4, 0x84, 0xE1, 0x23, 0xBD, 0x3E, 0x23, 0xC8, 0xCE,
    0x3B, 0x74, 0xB4, 0x6C, 0x4D, 0x10, 0x0C, 0x40, 0x04, 0xC4, 0x4C, 0x40, 0x01, 0x10, 0x30, 0x30,
    0x30, 0x00, 0x00, 0x00, 0x00, 0x30, 0x01, 0x33, 0x0C, 0x00, 0x00, 0x30, 0xC0, 0x0C, 0x40, 0xC0,
    0x02, 0x30, 0x08, 0xC0, 0xC8, 0xCC, 0xC4, 0x20, 0xC8, 0x08, 0x0C, 0x08, 0x80, 0x30, 0x00, 0x02,
    0x23, 0xF2, 0x12, 0xC8, 0x72, 0xF8, 0xBD, 0x12, 0xDE, 0xDD, 0x2F, 0x88, 0x4C, 0xEE, 0x1E, 0xD1,
    0x3C, 0x4C, 0xC4, 0x04, 0xC0, 0x40, 0x04, 0x04, 0xC0, 0x03, 0x04, 0x41, 0x04, 0x10, 0x41, 0x0C,
    0x4C, 0x44, 0x40, 0x13, 0x00, 0x00, 0x0C, 0x00, 0x08, 0x00, 0x0C, 0x10, 0xC0, 0x08, 0xC0, 0x22,
    0x02, 0x08, 0x43, 0x08, 0x20, 0xC0, 0xC2, 0x00, 0x0C, 0x82, 0x32, 0x30, 0xC4, 0x8B, 0xFF, 0x4B,
    0x2F, 0x87, 0x12, 0xED, 0xE1, 0x2E, 0xDD, 0x1F, 0xB8, 0x07, 0x4D, 0x3F, 0xD1, 0x0C, 0x40, 0xC0,
    0x10, 0x0C, 0x40, 0xC0, 0x44, 0xC4, 0x40, 0x0C, 0x00, 0xC0, 0x00, 0x10, 0x04, 0x00, 0x04, 0x03,
    0x00, 0xC3, 0x00, 0x0C, 0x00, 0xC4, 0x30, 0x03, 0x0C, 0xC0, 0x23, 0x00, 0xE0, 0xC0, 0x32, 0x23,
    0x0C, 0x8C, 0x20, 0x30, 0x80, 0x00, 0x0C, 0x22, 0xE3, 0xE1, 0x22, 0x2F, 0x88, 0x4F, 0xBB, 0x48,
    0xBB, 0x74, 0x4B, 0xB4, 0x4D, 0xC3, 0x23, 0xD1, 0x1F, 0x20, 0x0C, 0x11, 0x01, 0x04, 0x0C, 0x4C,
    0x00, 0x40, 0x0C, 0x41, 0x10, 0x13, 0x13, 0x01, 0x00, 0xC4, 0xC0, 0x43, 0x0C, 0x00, 0x0C, 0x01,
    0x0C, 0x00, 0xC8, 0xCC, 0x20, 0x08, 0x00, 0x8C, 0x02, 0x22, 0x20, 0xC2, 0x10, 0x08, 0x03, 0x08,
    0x08, 0xC8, 0xC2, 0x32, 0x38, 0x84, 0xBB, 0xF4, 0xDF, 0xEE, 0x1F, 0xBD, 0x34, 0x8B, 0xB4, 0x4B,
    0xE3, 0x23, 0x31, 0x21, 0xC4, 0x04, 0xC4, 0x00, 0x30, 0x00, 0xC4, 0x01, 0x04, 0x0C, 0x40, 0x00,
    0x01, 0x00, 0x00, 0x40, 0x10, 0x40, 0x10, 0x33, 0x00, 0x10, 0xC0, 0x40, 0x02, 0x30, 0x00, 0x20,
    0xC2, 0x00, 0xCC, 0x02, 0x30, 0x0C, 0x08, 0x8C, 0x08, 0x83, 0x20, 0x80, 0xC0, 0x03, 0x20, 0xE1,
    0x21, 0xFF, 0xC4, 0x4E, 0x3E, 0x11, 0xED, 0x1F, 0xBB, 0x74, 0x4B, 0xFC, 0x84, 0x8C, 0x8C, 0xCC,
    0x83, 0x10, 0x01, 0x31, 0x04, 0x4C, 0x40, 0xC4, 0x30, 0xC4, 0x04, 0x44, 0xC0, 0x31, 0x10, 0x0C,
    0x0C, 0x0C, 0x01, 0x04, 0x33, 0x00, 0x04, 0x03, 0x20, 0x08, 0x88, 0xCC, 0x80, 0xC8, 0x02, 0x00,
    0x08, 0xC2, 0x30, 0x32, 0x30, 0x32, 0x0C, 0x08, 0x23, 0x20, 0x08, 0xCB, 0xFF, 0x2E, 0x2F, 0xBE,
    0xE1, 0x2F, 0x84, 0xBB, 0x44, 0xBE, 0xED, 0x1B, 0x4F, 0xDC, 0xC3, 0x10, 0x31, 0x03, 0x40, 0x10,
    0x00, 0x04, 0x0C, 0x40, 0xC4, 0x00, 0xC0, 0x00, 0x13, 0x10, 0x03, 0x11, 0x04, 0xC4, 0x40, 0xC0,
    0x00, 0x33, 0x00, 0x30, 0x0C, 0x83, 0x0C, 0x88, 0x22, 0x03, 0x20, 0xC8, 0x80, 0x20, 0xC8, 0x80,
    0x8C, 0x80, 0xC2, 0x03, 0x02, 0x0C, 0x8F, 0xB2, 0x12, 0xD2, 0xD2, 0x21, 0x1F, 0xBE, 0x1F, 0xE1,
    0x2E, 0xD2, 0xD2, 0xF1, 0x2D, 0x09, 0x10, 0x0C, 0x40, 0x30, 0x04, 0x03, 0x13, 0x00, 0xC4, 0x0C,
    0x40, 0x4C, 0x41, 0x04, 0x01, 0x03, 0x31, 0x00, 0x00, 0x40, 0x04, 0x13, 0x33, 0x03, 0x23, 0x22,
    0x23, 0x22, 0x20, 0xC2, 0x0C, 0x88, 0x8C, 0x80, 0x32, 0x0C, 0x83, 0x22, 0x08, 0x32, 0x20, 0x8C,
    0x80, 0xC2, 0x22, 0x1F, 0xEF, 0x21, 0x3B, 0x7B, 0xBB, 0x47, 0x8B, 0x1F, 0xB1, 0x38, 0xCB, 0xDE,
    0xD3, 0x90, 0xCD, 0x04, 0x04, 0x11, 0x03, 0x10, 0x40, 0x44, 0x00, 0xC4, 0x0C, 0x04, 0x0C, 0x30,
    0x40, 0x30, 0x40, 0x33, 0x10, 0x0C, 0x40, 0x03, 0x30, 0x48, 0x0C, 0x83, 0x32, 0x0C, 0x88, 0x84,
    0x88, 0x30, 0xC8, 0x22, 0x0C, 0xC8, 0x22, 0x0C, 0xC2, 0x08, 0x08, 0x08, 0x32, 0x0C, 0xF4, 0xC8,
    0x49, 0xEF, 0xBC, 0xB4, 0x74, 0xAD, 0xDE, 0xF8, 0xD3, 0x87, 0x71, 0x23, 0x2D, 0x3C, 0x40, 0x30,
    0xC3, 0x00, 0x10, 0x0C, 0x04, 0x00, 0x44, 0x00, 0xC4, 0xC0, 0xC1, 0x0C, 0x04, 0x10, 0x04, 0x04,
    0x01, 0x04, 0x0C, 0x43, 0xC8, 0x32, 0x22, 0x38, 0x88, 0xB8, 0xC8, 0x88, 0xC8, 0x88, 0x82, 0x0C,
    0x88, 0x23, 0x30, 0x88, 0x8C, 0x83, 0x83, 0x33, 0x20, 0xC2, 0x22, 0xEE, 0x23, 0xC4, 0x87, 0x8B,
    0xB9, 0xDF, 0x87, 0x46, 0xED, 0xEC, 0xB4, 0xB6, 0x4C, 0x44, 0x0C, 0x42, 0x10, 0x41, 0x01, 0x04,
    0xC0, 0xC4, 0x00, 0x44, 0x00, 0x10, 0x40, 0x10, 0x40, 0x01, 0x00, 0x40, 0x40, 0xC0, 0xC4, 0x04,
    0x23, 0x88, 0xC8, 0x82, 0x22, 0x08, 0x88, 0x8E, 0x23, 0xC8, 0xE3, 0x88, 0x32, 0x0C, 0x88, 0xC3,
    0x20, 0x20, 0x32, 0x08, 0x0C, 0x23, 0x4F, 0x44, 0xBD, 0xEF, 0xE3, 0xDF, 0x4F, 0xC9, 0xEE, 0xDD,
    0x1E, 0x76, 0x4B, 0x48, 0xDD, 0x00, 0xC4, 0x0C, 0x00, 0x30, 0x30, 0xC0, 0x4C, 0x40, 0xC4, 0x00,
    0x44, 0x00, 0x04, 0x03, 0x0C, 0x40, 0x30, 0x0C, 0x04, 0x10, 0x40, 0xC0, 0xC8, 0x23, 0x8C, 0xB8,
    0x88, 0xB2, 0x22, 0x22, 0x38, 0x8E, 0x08, 0x32, 0x0C, 0x88, 0x23, 0x22, 0x08, 0xC8, 0x80, 0x83,
    0x20, 0x03, 0x24, 0xFF, 0xD3, 0x22, 0x38, 0x8C, 0xB8, 0x63, 0xD3, 0x8B, 0xB4, 0xF3, 0xDF, 0xB4,
    0xC0, 0xCC, 0x40, 0xC4, 0x4C, 0x41, 0x04, 0x10, 0x04, 0x0C, 0x40, 0xC4, 0x00, 0x44, 0x40, 0x41,
    0x04, 0x0C, 0x41, 0x01, 0x00, 0x0C, 0x0C, 0x4C, 0xCE, 0x32, 0x22, 0x32, 0x2F, 0x22, 0xC8, 0xF2,
    0x23, 0x20, 0x8C, 0x80, 0x82, 0x02, 0x0C, 0x8C, 0x82, 0x0C, 0x32, 0x0C, 0x0C, 0x88, 0x4E, 0xE2,
    0x3B, 0x87, 0xBD, 0x38, 0xC7, 0xFB, 0x2C, 0x7D, 0x22, 0xDE, 0x32, 0x31, 0xD1, 0x04, 0x04, 0x00,
    0x04, 0x0C, 0x03, 0x01, 0x00, 0xC4, 0x0C, 0x40, 0xC4, 0x00, 0x0C, 0x00, 0x00, 0xC4, 0x00, 0xC0,
    0x13, 0x10, 0x40, 0x03, 0xE3, 0x88, 0xC8, 0x88, 0x88, 0x88, 0x8B, 0x22, 0x32, 0x08, 0xC8, 0x22,
    0x30, 0xCC, 0xC8, 0x20, 0x30, 0xC2, 0x0C, 0xC2, 0x30, 0x32, 0xEC, 0x8B, 0x4C, 0xBF, 0x48, 0xBE,
    0x72, 0x1D, 0xB6, 0xD2, 0xDD, 0x24, 0x67, 0x44, 0x8C, 0x00, 0x40, 0x44, 0xC0, 0xC4, 0xD0, 0x40,
    0xC4, 0x00, 0xC4, 0x0C, 0x40, 0xCC, 0xC4, 0xC4, 0xC4, 0x00, 0xC4, 0x13, 0x01, 0x03, 0x04, 0xC4,
    0x32, 0x22, 0x22, 0x2E, 0x22, 0x23, 0x22, 0x23, 0x20, 0x8C, 0x82, 0x0C, 0x08, 0x20, 0x82, 0x0C,
    0x88, 0x20, 0xC0, 0x20, 0x08, 0xC8, 0xCB, 0xD3, 0xEE, 0xD2, 0x1F, 0xD3, 0xEB, 0x88, 0xF1, 0x2D,
    0x3F, 0x8E, 0xCC, 0xBD, 0x04, 0xD0, 0x0C, 0x00, 0x10, 0x40, 0x00, 0x31, 0x03, 0x44, 0x00, 0xC4,
    0x0C, 0x10, 0x40, 0x00, 0x40, 0x4C, 0x40, 0x01, 0x30, 0x30, 0x40, 0x40, 0xE2, 0x0C, 0x8C, 0x82,
    0x3C, 0x88, 0x8C, 0xC8, 0x88, 0x20, 0x20, 0xC0, 0x80, 0x00, 0x00, 0x30, 0x03, 0x00, 0x22, 0x03,
    0x00, 0x8D, 0x1F, 0x2E, 0x21, 0x2D, 0xEE, 0x2E, 0x11, 0xDE, 0xDE, 0xD2, 0xE1, 0x1C, 0x74, 0x40,
    0xC0, 0x01, 0x31, 0x31, 0x03, 0x0C, 0x44, 0x10, 0x10, 0x00, 0x44, 0x00, 0xC4, 0x00, 0x0C, 0x44,
    0x0C, 0x00, 0x0C, 0x40, 0x04, 0x10, 0x0C, 0x0C, 0x08, 0xE2, 0x38, 0xE3, 0x22, 0x33, 0x32, 0x20,
    0x02, 0x0E, 0x03, 0x20, 0x03, 0x32, 0x32, 0x08, 0x80, 0x8C, 0x00, 0x0C, 0x88, 0x23, 0x8B, 0x7D,
    0xDE, 0xD2, 0x3D, 0x2D, 0xEE, 0xE7, 0x48, 0xBB, 0x77, 0xB6, 0xE2, 0x34, 0x31, 0x30, 0x10, 0x10,
    0x10, 0x41, 0x00, 0xC1, 0x01, 0x30, 0x03, 0x44, 0x00, 0x44, 0x41, 0x00, 0xC4, 0xC4, 0xC4, 0x0C,
    0x40, 0x0C, 0x41, 0x04, 0xF2, 0x0C, 0x02, 0x08, 0x80, 0xC8, 0x20, 0x08, 0x8C, 0x30, 0x20, 0x03,
    0x00, 0x00, 0x00, 0x00, 0x0C, 0x00, 0x80, 0xC0, 0x0C, 0xF4, 0xFE, 0x2F, 0x87, 0xEF, 0xB8, 0x93,
    0x87, 0x4E, 0xDD, 0xDD, 0x22, 0xD2, 0x13, 0x00, 0x40, 0x13, 0x01, 0x03, 0x00, 0x30, 0x31, 0x30,
    0x30, 0x11, 0x30, 0x00, 0x44, 0x00, 0x00, 0x31, 0x00, 0x40, 0x40, 0xC4, 0x08, 0x41, 0x00, 0xC0,
    0x20, 0xC8, 0x88, 0xC0, 0x22, 0x00, 0x82, 0x30, 0x30, 0x82, 0x00, 0x80, 0x08, 0x00, 0x00, 0x00,
    0x00, 0x20, 0x00, 0x08, 0xC8, 0x4E, 0xE1, 0xF4, 0x7B, 0x47, 0x47, 0xFB, 0x7E, 0x1D, 0xED, 0xE2,
    0xDD, 0x2D, 0x0C, 0x33, 0x04, 0x01, 0x30, 0x31, 0x34, 0x13, 0x10, 0x04, 0xC4, 0x00, 0x11, 0x31,
    0x00, 0xC4, 0xC4, 0x10, 0x10, 0x04, 0x0C, 0x00, 0x80, 0x30, 0x13, 0x13, 0x0C, 0x80, 0x00, 0x22,
    0x00, 0xC8, 0x00, 0x08, 0x08, 0x00, 0x0C, 0x00, 0x80, 0x20, 0x82, 0x08, 0x20, 0x00, 0x20, 0x80,
    0x23, 0x23, 0xD2, 0xE2, 0xEE, 0xEE, 0xEE, 0x47, 0x91, 0xEF, 0x84, 0x9D, 0xED, 0xD0, 0xF1, 0x04,
    0xC3, 0x10, 0x13, 0x10, 0x00, 0x01, 0x03, 0x40, 0x40, 0x4C, 0x00, 0x10, 0x31, 0x00, 0x43, 0x03,
    0x01, 0x00, 0xC1, 0x10, 0x11, 0x04, 0x01, 0x03, 0xC0, 0x08, 0xC8, 0x00, 0xC8, 0x00, 0x32, 0x03,
    0x00, 0x20, 0xC0, 0x30, 0x00, 0x00, 0x00, 0x00, 0x02, 0x08, 0x00, 0x0C, 0x8C, 0xBD, 0x2F, 0xC7,
    0xC4, 0x78, 0x74, 0xBB, 0x1B, 0x76, 0x7B, 0x4B, 0x44, 0xCB, 0x10, 0x00, 0x41, 0x01, 0x01, 0x03,
    0x11, 0x10, 0x30, 0x04, 0x04, 0x04, 0x44, 0x03, 0x10, 0x10, 0x0C, 0x41, 0x30, 0x10, 0x10, 0x01,
    0x00, 0x03, 0x10, 0x33, 0x22, 0x00, 0x03, 0x20, 0x00, 0x20, 0x00, 0x80, 0x82, 0x00, 0x08, 0x02,
    0x03, 0x00, 0x30, 0x30, 0x80, 0x00, 0x33, 0x08, 0x34, 0xCB, 0xB4, 0x6C, 0xBB, 0x2D, 0x22, 0xF4,
    0xBB, 0x9F, 0xD1, 0xE7, 0xBB, 0x81, 0x03, 0x10, 0x30, 0x10, 0x30, 0x31, 0x00, 0x03, 0x11, 0x00,
    0xC0, 0xC0, 0x00, 0x41, 0x03, 0x0C, 0x40, 0x0C, 0x13, 0x0C, 0x03, 0x10, 0x31, 0x10, 0x03, 0x13,
    0x00, 0xC8, 0x80, 0x02, 0x08, 0x03, 0x20, 0x32, 0x00, 0x0C, 0x80, 0x80, 0x30, 0x23, 0x02, 0x00,
    0x0C, 0x82, 0x00, 0x83, 0xC2, 0xD3, 0xCB, 0xBB, 0x4B, 0x4F, 0xBF, 0x22, 0xD1, 0xF8, 0x4B, 0xBD,
    0x10, 0x30, 0xCC, 0x0C, 0x44, 0x03, 0x13, 0x10, 0x13, 0x10, 0x00, 0x13, 0x13, 0x13, 0x10, 0x30,
    0x31, 0x04, 0x04, 0x41, 0x00, 0x41, 0x10, 0x03, 0x10, 0x0C, 0x44, 0x03, 0xC8, 0x30, 0x08, 0x20,
    0x00, 0x00, 0x02, 0x00, 0x20, 0x80, 0x00, 0x08, 0x08, 0x00, 0x80, 0x22, 0x00, 0x0C, 0x20, 0x20,
    0x4B, 0x2E, 0xDE, 0xD1, 0xE4, 0xB7, 0x12, 0x4D, 0xFB, 0x87, 0xBB, 0x44, 0xBF, 0x33, 0x04, 0x40,
    0x00, 0x4C, 0x01, 0x01, 0x00, 0x0D, 0x13, 0x01, 0x01, 0x01, 0x01, 0x04, 0x40, 0x00, 0x40, 0x00,
    0x10, 0x00, 0x01, 0x31, 0x03, 0x10, 0x00, 0x43, 0x33, 0x08, 0xC0, 0x00, 0xC2, 0x08, 0x20, 0x22,
    0x03, 0x0C, 0x8C, 0x80, 0x80, 0x8C, 0x08, 0x00, 0x22, 0x02, 0x0C, 0x8E, 0x21, 0xC8, 0xC8, 0x4B,
    0xBD, 0xED, 0xB7, 0xEE, 0xDD, 0xDE, 0xDD, 0xFE, 0xC4, 0xC4, 0x40, 0x04, 0x4C, 0x04, 0x40, 0x10,
    0x31, 0x10, 0x01, 0x10, 0x10, 0x10, 0x30, 0xC0, 0x04, 0x44, 0x0C, 0x44, 0x0C, 0x44, 0xC0, 0x10,
    0x31, 0x01, 0x33, 0x33, 0xC2, 0x20, 0x23, 0x20, 0x20, 0x00, 0x02, 0x00, 0x20, 0x20, 0x02, 0x0C,
    0x33, 0x08, 0x83, 0x22, 0x00, 0xD0, 0xC2, 0x33, 0x2F, 0xBD, 0x2F, 0xEF, 0x4B, 0xB4, 0xBB, 0x77,
    0x4B, 0xB4, 0x78, 0x78, 0x70, 0x80, 0x0C, 0x40, 0x04, 0x40, 0x31, 0x03, 0x10, 0x03, 0x10, 0x03,
    0x03, 0x03, 0x10, 0x4C, 0x40, 0x00, 0xC4, 0x03, 0x10, 0x00, 0x13, 0x03, 0x10, 0x30, 0x10, 0x44,
    0x20, 0x0C, 0x00, 0x02, 0x00, 0xC2, 0x30, 0xC8, 0x0C, 0x02, 0x20, 0x23, 0x20, 0x80, 0x32, 0x00,
    0xC8, 0x03, 0x20, 0xC4, 0xB2, 0x13, 0x8E, 0x3C, 0xBD, 0x2E, 0xD2, 0xE2, 0xDD, 0x1E, 0xED, 0x21,
    0xC4, 0x31, 0x30, 0x31, 0x00, 0x04, 0x10, 0x10, 0x0C, 0x4C, 0x43, 0x10, 0x4C, 0x4C, 0x40, 0x04,
    0x0C, 0x4C, 0x40, 0xC4, 0x01, 0x31, 0x00, 0x41, 0x03, 0x11, 0x00, 0x00, 0xC8, 0x88, 0x88, 0x20,
    0x0C, 0x00, 0x08, 0x03, 0x20, 0x80, 0x02, 0x02, 0x08, 0x32, 0x00, 0x88, 0xC3, 0x20, 0x8C, 0x4B,
    0xD1, 0xF8, 0xE3, 0x4B, 0x13, 0xB4, 0x77, 0x77, 0xBB, 0xBB, 0x44, 0xB4, 0x4C, 0xC0, 0x11, 0x00,
    0xC4, 0xC3, 0x01, 0x0D, 0x10, 0x04, 0x0C, 0x0C, 0x04, 0x04, 0x04, 0x40, 0x40, 0x04, 0x0C, 0x40,
    0x40, 0x10, 0x31, 0x00, 0x10, 0x00, 0x11, 0x33, 0x33, 0x30, 0x03, 0x00, 0xC0, 0x82, 0x00, 0x88,
    0x03, 0x08, 0xCC, 0x20, 0xC3, 0x20, 0x88, 0x30, 0x88, 0x32, 0x08, 0xBC, 0x8B, 0xE1, 0xE4, 0xF2,
    0xFB, 0x47, 0xBB, 0x9E, 0x47, 0x44, 0xBB, 0x4B, 0xF3, 0x11, 0x00, 0xD1, 0x00, 0x41, 0x10, 0x30,
    0x01, 0x00, 0x41, 0x11, 0x00, 0x40, 0x40, 0x04, 0x04, 0x40, 0xC4, 0x0C, 0x31, 0x03, 0x10, 0x34,
    0x0D, 0x13, 0x00, 0x13, 0xC8, 0x88, 0x88, 0x20, 0x20, 0x00, 0x20, 0x03, 0x20, 0x80, 0x23, 0x0C,
    0x20, 0x08, 0x33, 0x08, 0x02, 0x08, 0xCC, 0x86, 0xFE, 0x1E, 0xCE, 0xEF, 0x84, 0xBB, 0x77, 0x4B,
    0xDE, 0x2D, 0xF7, 0xDD, 0x31, 0x00, 0x31, 0x00, 0xD0, 0x30, 0x01, 0x04, 0xC4, 0x10, 0x30, 0x00,
    0xC4, 0x04, 0x0C, 0x40, 0xC0, 0x0C, 0x40, 0x41, 0x00, 0x31, 0x03, 0x00, 0x40, 0x01, 0x31, 0x03,
    0x23, 0x32, 0x33, 0x0C, 0x82, 0x32, 0x0C, 0x8C, 0x00, 0x0C, 0x00, 0x82, 0x0C, 0x80, 0xC2, 0x33,
    0x10, 0xC3, 0x2D, 0x2C, 0x78, 0x78, 0x78, 0xC8, 0x4B, 0xDE, 0xE1, 0xED, 0x2D, 0xDE, 0xD2, 0x4C,
    0xC0, 0x13, 0x10, 0x10, 0x0D, 0x04, 0x40, 0xC0, 0x40, 0xCC, 0x44, 0x4C, 0x40, 0x40, 0xC4, 0x0C,
    0x44, 0xC4, 0x04, 0x00, 0xD1, 0x00, 0x31, 0x04, 0x04, 0xC0, 0x10, 0x33, 0xCC, 0x88, 0xC8, 0x82,
    0x00, 0x00, 0x30, 0x32, 0x22, 0x02, 0x20, 0x30, 0xC2, 0x0C, 0x20, 0x08, 0x0C, 0x88, 0x88, 0xB7,
    0x2D, 0x2F, 0xE1, 0xE1, 0x2E, 0xC4, 0x7B, 0x87, 0x9E, 0xED, 0x27, 0xE1, 0x11, 0x01, 0x01, 0x0C,
    0x40, 0x40, 0x34, 0x10, 0x04, 0x10, 0x00, 0x04, 0x04, 0x0C, 0x40, 0xC4, 0x00, 0x40, 0x40, 0xC4,
    0x00, 0xD1, 0x00, 0x30, 0xC0, 0x44, 0x01, 0x04, 0x32, 0x32, 0x30, 0x20, 0x23, 0x22, 0x08, 0x10,
    0x00, 0x30, 0x02, 0x02, 0x20, 0xC8, 0x0C, 0x83, 0x20, 0x32, 0x11, 0xCB, 0x84, 0xB2, 0x3C, 0x8B,
    0xFD, 0x2E, 0xD1, 0xED, 0x24, 0x77, 0x7E, 0x10, 0xC0, 0x20, 0x10, 0x31, 0x04, 0x04, 0x03, 0x04,
    0x43, 0x01, 0x13, 0x10, 0x40, 0xC4, 0x0C, 0x40, 0x4C, 0x04, 0x0C, 0x40, 0x4C, 0x00, 0x11, 0x04,
    0x10, 0x03, 0x10, 0xC0, 0x00, 0x83, 0x22, 0x08, 0xC2, 0x00, 0x00, 0x00, 0x00, 0x00, 0x00, 0x00,
    0x00, 0x03, 0x20, 0x30, 0xC2, 0x2D, 0x2F, 0xBD, 0x2F, 0xEF, 0x8B, 0xFF, 0x88, 0x7B, 0x4B, 0x77,
    0xB7, 0xBB, 0x91, 0x3C, 0x4C, 0x41, 0x03, 0x10, 0x30, 0xC3, 0x44, 0x40, 0x31, 0x10, 0x01, 0x03,
    0x0C, 0x40, 0x41, 0x0C, 0x01, 0x00, 0xC4, 0x04, 0x04, 0x41, 0x00, 0x03, 0x01, 0x31, 0x03, 0x13,
    0x30, 0x31, 0x08, 0xC3, 0x20, 0x30, 0x81, 0x02, 0x0C, 0x02, 0x00, 0x30, 0x0C, 0x80, 0x0C, 0x8C,
    0x23, 0xD3, 0xB4, 0x92, 0xDE, 0x11, 0x2C, 0x48, 0x47, 0xED, 0x27, 0xB9, 0xDE, 0x74, 0x7F, 0x84,
    0x00, 0x30, 0xC4, 0x01, 0x04, 0x10, 0x00, 0x04, 0x10, 0x01, 0x30, 0x10, 0x41, 0x0C, 0x30, 0x13,
    0x10, 0x13, 0x00, 0x40, 0xC0, 0x0C, 0x33, 0x41, 0x10, 0x10, 0x10, 0x03, 0x03, 0x00, 0x80, 0x42,
    0x03, 0x00, 0x00, 0x00, 0x00, 0x10, 0x0C, 0x00, 0x80, 0x08, 0x80, 0x08, 0x08, 0x4B, 0x4E, 0x3B,
    0xE1, 0xEF, 0x87, 0xE1, 0xFE, 0x12, 0xFB, 0x74, 0xB7, 0xDE, 0x23, 0x03, 0x21, 0x04, 0x01, 0x10,
    0xC3, 0x04, 0x4C, 0x43, 0x01, 0x30, 0x11, 0x0C, 0x30, 0x13, 0x11, 0x01, 0x01, 0x01, 0x10, 0x0C,
    0x4C, 0x41, 0x04, 0x00, 0x03, 0x01, 0x01, 0x13, 0x00, 0x20, 0x0C, 0x00, 0x30, 0x08, 0x00, 0x00,
    0x00, 0x00, 0x00, 0x04, 0x00, 0x00, 0x08, 0xC0, 0x87, 0xE1, 0x2D, 0xD1, 0xDE, 0x2D, 0x2E, 0x1F,
    0x8B, 0xBF, 0x77, 0x8B, 0x4B, 0x4B, 0x48, 0x4C, 0x10, 0xC1, 0x10, 0x03, 0x11, 0x00, 0x04, 0x0C,
    0x40, 0x13, 0x00, 0x31, 0x04, 0x01, 0x00, 0x30, 0x10, 0x30, 0x01, 0x30, 0x04, 0x00, 0x00, 0xC4,
    0xC4, 0x40, 0xCC, 0x03, 0x00, 0x00, 0x00, 0x30, 0x00, 0x80, 0x00, 0xC0, 0xC1, 0x00, 0x00, 0x40,
    0x00, 0x40, 0x00, 0x03, 0x32, 0x1F, 0xBC, 0xBB, 0x22, 0x72, 0xFD, 0x38, 0xBD, 0x24, 0xB2, 0xDF,
    0xBE, 0x23, 0x3F, 0x31, 0x03, 0x10, 0x0C, 0x4C, 0x40, 0x13, 0x40, 0x41, 0x04, 0x01, 0x13, 0x10,
    0x33, 0x10, 0x13, 0x13, 0x03, 0x13, 0x10, 0x11, 0x00, 0x44, 0xC4, 0x00, 0x40, 0x04, 0x13, 0x13,
    0x0C, 0x03, 0x00, 0x00, 0x04, 0x00, 0x10, 0x00, 0x00, 0x00, 0x30, 0x00, 0x00, 0x00, 0x00, 0x30,
    0x0C, 0x4B, 0x1B, 0x4B, 0xB4, 0xF4, 0x93, 0xB2, 0xC8, 0xBF, 0xED, 0x38, 0x48, 0x7B, 0x74, 0x40,
    0x31, 0x01, 0x04, 0x04, 0x0C, 0x40, 0x04, 0x30, 0xC3, 0x40, 0x01, 0x01, 0x04, 0x0C, 0x01, 0x01,
    0x31, 0x01, 0x03, 0x00, 0x10, 0x00, 0x40, 0x44, 0x0C, 0x43, 0x01, 0x03, 0x00, 0x10, 0x04, 0x01,
    0x00, 0x00, 0x00, 0x01, 0x00, 0x03, 0x00, 0x00, 0x0C, 0x03, 0x0C, 0x00, 0x03, 0xED, 0xC8, 0xBD,
    0x3E, 0x22, 0xCB, 0x2F, 0x7D, 0x1E, 0x47, 0x9D, 0xED, 0x2F, 0x21, 0x08, 0x40, 0x10, 0xC0, 0xC0,
    0x41, 0x0D, 0x03, 0x10, 0x40, 0x31, 0x30, 0x10, 0xC1, 0x04, 0x40, 0x30, 0x10, 0x30, 0x31, 0x04,
    0x0C, 0x4C, 0x0C, 0x00, 0xC4, 0x0C, 0x40, 0x13, 0x00, 0x00, 0x00, 0x30, 0x00, 0x0C, 0x00, 0x10,
    0x00, 0x30, 0x04, 0x00, 0xC0, 0x00, 0x00, 0x08, 0x30, 0x12, 0xDE, 0xD2, 0xD2, 0xDF, 0x79, 0xDD,
    0x27, 0xB7, 0x9E, 0xEE, 0xD2, 0xDD, 0x1C, 0xC0, 0x34, 0x0C, 0x13, 0x10, 0x30, 0x30, 0xC4, 0x04,
    0x34, 0x10, 0x11, 0x03, 0x10, 0x30, 0x31, 0x04, 0x03, 0x13, 0x10, 0x30, 0x41, 0x01, 0x04, 0xC4,
    0x10, 0xC4, 0x04, 0x03, 0x0C, 0x00, 0x40, 0x00, 0x00, 0x00, 0x03, 0x00, 0x03, 0x00, 0x40, 0x0C,
    0x01, 0x00, 0x41, 0x00, 0x00, 0x3D, 0x2D, 0x2D, 0x29, 0xFB, 0xBF, 0xB8, 0x7B, 0x7B, 0x4B, 0x44,
    0x79, 0xF2, 0xF4, 0x84, 0x40, 0x41, 0x01, 0x0D, 0x04, 0xC4, 0x10, 0x40, 0xC1, 0x01, 0x00, 0x31,
    0x03, 0x13, 0x10, 0x30, 0x41, 0x01, 0x01, 0x04, 0x30, 0x30, 0x00, 0x03, 0x03, 0x00, 0x43, 0x13,
    0x00, 0x40, 0x00, 0x00, 0x0C, 0x10, 0x40, 0x00, 0x00, 0x04, 0x00, 0x00, 0x10, 0x00, 0x00, 0x00,
    0xC3, 0x02, 0xDE, 0x7B, 0x74, 0x91, 0x11, 0x1E, 0xEF, 0xB4, 0xB4, 0xBB, 0xBF, 0xEC, 0x4C, 0x00,
    0x04, 0x30, 0x10, 0x10, 0x30, 0x43, 0x03, 0x0C, 0x40, 0x10, 0x31, 0x04, 0x31, 0x01, 0x03, 0x10,
    0x30, 0x30, 0x10, 0x00, 0xC4, 0x13, 0x11, 0x10, 0x4D, 0x10, 0x31, 0x03, 0x00, 0x00, 0x03, 0x10,
    0x40, 0x00, 0x00, 0x00, 0xC1, 0x00, 0x00, 0x04, 0x00, 0x00, 0x00, 0x00, 0x00, 0x32, 0x47, 0xB7,
    0xB9, 0xFB, 0xBB, 0x8B, 0x44, 0x4B, 0x7E, 0xDD, 0x11, 0x11, 0x21, 0x13, 0x30, 0xC4, 0x0C, 0x01,
    0x04, 0x04, 0x44, 0xC4, 0x04, 0x0C, 0x40, 0xC0, 0x40, 0x10, 0x31, 0x01, 0x04, 0x13, 0x03, 0x13,
    0x03, 0x01, 0x00, 0x00, 0x00, 0x0D, 0x00, 0x13, 0x00, 0x03, 0x00, 0x00, 0x00, 0x00, 0x01, 0x0C,
    0x00, 0x00, 0x03, 0x00, 0x00, 0x04, 0x00, 0x30, 0x40, 0x00, 0xE9, 0xDD, 0x9E, 0x76, 0x74, 0x74,
    0xEE, 0xED, 0xE7, 0x4B, 0xBB, 0xBB, 0x90, 0x01, 0x04, 0x10, 0x41, 0x10, 0xC0, 0x40, 0x00, 0x40,
    0x43, 0x40, 0x11, 0x10, 0x31, 0x03, 0x10, 0x10, 0x03, 0x01, 0x31, 0x01, 0x10, 0x40, 0x33, 0x11,
    0x11, 0x00, 0x11, 0x03, 0x04, 0x30, 0x10, 0x00, 0x01, 0x00, 0xC0, 0x00, 0x40, 0x00, 0xC0, 0x00,
    0x00, 0xC0, 0x04, 0x00, 0x03, 0x03, 0x1D, 0xEB, 0x77, 0xB7, 0xDE, 0xEE, 0x7D, 0x1E, 0xD2, 0xED,
    0x12, 0x11, 0x33, 0x10, 0x30, 0x43, 0x04, 0x03, 0x10, 0x31, 0x30, 0x31, 0x0C, 0x34, 0x00, 0x01,
    0x04, 0x31, 0x01, 0x03, 0x10, 0x40, 0x00, 0x10, 0x00, 0x31, 0x04, 0x00, 0x00, 0xD1, 0x00, 0xC4,
    0x00, 0x01, 0x00, 0x10, 0x30, 0x0C, 0x00, 0x00, 0x00, 0xC0, 0x00, 0x40, 0xC0, 0x00, 0x00, 0x00,
    0x00, 0x30, 0xC7, 0x77, 0xB9, 0xD2, 0x79, 0xDF, 0xE2, 0xF8, 0x7B, 0x74, 0xB9, 0xFF, 0xD0, 0xC3,
    0x10, 0x30, 0x40, 0xC4, 0x04, 0x10, 0x11, 0x04, 0x31, 0x01, 0x31, 0x30, 0xC0, 0x40, 0x10, 0x31,
    0x00, 0x04, 0x44, 0x03, 0x11, 0x00, 0x00, 0x4C, 0x4C, 0x00, 0x10, 0x40, 0x00, 0x10, 0x00, 0x00,
    0x00, 0x00, 0x40, 0x40, 0x00, 0x10, 0x10, 0x00, 0x04, 0x00, 0x40, 0x10, 0x30, 0x00, 0x3E, 0xD9,
    0xD1, 0xE7, 0xB7, 0xB6, 0x76, 0x77, 0xB7, 0xEE, 0xDF, 0xE1, 0x08, 0x10, 0x41, 0x04, 0x0C, 0x43,
    0x03, 0x01, 0x00, 0xC0, 0xC4, 0x10, 0x10, 0x10, 0x4C, 0x04, 0x03, 0x10, 0x34, 0x40, 0x00, 0x4C,
    0x00, 0x11, 0x10, 0x00, 0x04, 0x4C, 0xCC, 0x0C, 0x03, 0x00, 0x0C, 0x03, 0x04, 0x04, 0x00, 0x01,
    0x04, 0x00, 0x00, 0x01, 0x00, 0x10, 0x00, 0x00, 0x00, 0x43, 0x0D, 0xED, 0x1B, 0x79, 0xDB, 0x67,
    0x67, 0x79, 0xED, 0x1D, 0xFD, 0x13, 0x84, 0xC3, 0x0C, 0x30, 0x41, 0x0C, 0x44, 0x40, 0xC4, 0x11,
    0x00, 0xC1, 0x01, 0x03, 0x04, 0x43, 0x10, 0x03, 0x00, 0x0C, 0xC4, 0x01, 0x13, 0x00, 0x03, 0x11,
    0x00, 0x04, 0x10, 0x43, 0x00, 0x00, 0xC0, 0x40, 0x00, 0x00, 0x00, 0x00, 0x00, 0x00, 0x00, 0x10,
    0x00, 0x00, 0x00, 0x00, 0x10, 0x00, 0x00, 0x5E, 0xB6, 0xDE, 0x77, 0xBD, 0xFB, 0x9E, 0xD2, 0xB8,
    0x48, 0xF8, 0x4C, 0x10, 0x41, 0x04, 0x30, 0x31, 0x00, 0x31, 0x03, 0x00, 0xC4, 0x10, 0x30, 0x31,
    0x00, 0x0C, 0x0D, 0x31, 0x13, 0x10, 0x40, 0xC4, 0x00, 0x4C, 0xC4, 0x00, 0xC4, 0xC0, 0x43, 0x04,
    0x04, 0x10, 0x04, 0x00, 0x40, 0xC0, 0x31, 0x00, 0x00, 0x31, 0x04, 0x00, 0x00, 0x00, 0x30, 0xC1,
    0x00, 0x00, 0xCC, 0xE4, 0x7B, 0x7B, 0xE1, 0xD2, 0xED, 0x2D, 0x2D, 0x34, 0xBE, 0xC7, 0xD1, 0x0C,
    0x30, 0xC0, 0xC4, 0xC4, 0x31, 0x00, 0xC4, 0x44, 0x10, 0xC3, 0x13, 0x10, 0x13, 0x11, 0x10, 0x10,
    0x00, 0x00, 0x0C, 0x40, 0xC4, 0x01, 0x00, 0x4C, 0x40, 0x44, 0x0C, 0x40, 0x00, 0x00, 0x00, 0x00,
    0x00, 0x01, 0x00, 0x0C, 0x10, 0x00, 0x00, 0x00, 0x31, 0x0C, 0x00, 0x00, 0x00, 0x30, 0x00, 0x06,
    0xDD, 0xE4, 0x7B, 0xBB, 0x44, 0xBF, 0xFF, 0x8F, 0xE1, 0xD2, 0x30, 0x31, 0x04, 0x11, 0x00, 0x40,
    0xC0, 0xD1, 0x00, 0x03, 0x0C, 0x44, 0x01, 0x01, 0x01, 0x00, 0x03, 0x03, 0x11, 0x11, 0x30, 0x0C,
    0x40, 0xD0, 0x10, 0x00, 0x04, 0x00, 0xC4, 0x0C, 0x00, 0x01, 0x00, 0x10, 0x0C, 0x40, 0x00, 0x01,
    0x00, 0x40, 0x00, 0x30, 0x00, 0x00, 0x41, 0x00, 0x00, 0x00, 0x0C, 0xCD, 0xDB, 0x76, 0x65, 0xDD,
    0xED, 0xDD, 0x84, 0x7B, 0x47, 0x89, 0xD3, 0x10, 0x10, 0x40, 0x10, 0x04, 0x11, 0x00, 0xD1, 0x31,
    0x10, 0x03, 0x40, 0xC4, 0x30, 0x13, 0x10, 0x41, 0x00, 0x00, 0x11, 0x10, 0x0C, 0x03, 0x03, 0x11,
    0x00, 0xC4, 0x00, 0x43, 0x0C, 0x10, 0x04, 0x00, 0xC0, 0x00, 0x04, 0x10, 0x00, 0x03, 0x10, 0x01,
    0x00, 0x04, 0x00, 0x04, 0x0C, 0x04, 0x00, 0x03, 0x76, 0xDE, 0xDE, 0x7B, 0x7B, 0xB8, 0x6E, 0xE4,
    0xBB, 0x7C, 0x41, 0x01, 0x03, 0x0C, 0x41, 0x03, 0x00, 0x10, 0x00, 0x10, 0x01, 0x10, 0x04, 0x00,
    0xC4, 0x01, 0x03, 0x30, 0x31, 0x31, 0x00, 0x01, 0x31, 0x10, 0x41, 0x00, 0x13, 0x03, 0x44, 0x33,
    0x00, 0x00, 0x00, 0x00, 0x04, 0x03, 0x00, 0x00, 0x0C, 0x00, 0x00, 0x40, 0x04, 0x00, 0x00, 0x00,
    0x00, 0x40, 0x30, 0xC0, 0xED, 0xB7, 0x7B, 0xDD, 0xB7, 0x77, 0xB7, 0x49, 0xDD, 0x24, 0xE0, 0x30,
    0x31, 0x04, 0x0C, 0xC4, 0x44, 0x0D, 0x13, 0x01, 0x30, 0x0C, 0x43, 0x44, 0x10, 0x40, 0x10, 0x41,
    0x00, 0x00, 0x31, 0x30, 0x10, 0x00, 0x00, 0x31, 0x01, 0x10, 0x00, 0xC4, 0x04, 0x03, 0x00, 0x10,
    0x40, 0x30, 0x00, 0x00, 0xC0, 0x10, 0x00, 0x00, 0x00, 0x00, 0x0C, 0x00, 0x10, 0x00, 0x00, 0x0C,
    0x0C, 0x67, 0x9D, 0xBB, 0x9E, 0x79, 0xD2, 0xDF, 0x7B, 0x8D, 0x31, 0x04, 0xC0, 0xC0, 0xC4, 0x10,
    0x03, 0x10, 0x01, 0x10, 0x11, 0x04, 0x04, 0x03, 0x03, 0x31, 0x00, 0x30, 0xD1, 0x13, 0x10, 0x04,
    0x01, 0x31, 0x13, 0x10, 0x30, 0x01, 0x31, 0x00, 0x00, 0x10, 0x10, 0x00, 0x00, 0x01, 0x04, 0x30,
    0x04, 0x00, 0x40, 0x01, 0x00, 0x43, 0x01, 0x0C, 0x00, 0x00, 0x10, 0x00, 0x02, 0x1D, 0xDB, 0x74,
    0x7B, 0xB4, 0xB7, 0x79, 0xED, 0x1F, 0x4C, 0x30, 0x44, 0x11, 0x03, 0x03, 0x10, 0x0C, 0x40, 0x0C,
    0x00, 0xC0, 0x40, 0xC4, 0x4C, 0x40, 0xC4, 0x44, 0x00, 0x01, 0x03, 0x40, 0x40, 0x10, 0x00, 0x03,
    0x13, 0x10, 0x10, 0x13, 0x00, 0x00, 0x00, 0x00, 0x03, 0x10, 0x00, 0x01, 0x00, 0x00, 0x01, 0x00,
    0x00, 0x00, 0x10, 0x00, 0x00, 0x0C, 0x00, 0xC0, 0x80, 0xC9, 0xDD, 0xED, 0xED, 0x1E, 0xDE, 0xDE,
    0xD2, 0xF8, 0xC4, 0xC4, 0x01, 0x00, 0x10, 0x4C, 0x0D, 0x10, 0x34, 0x41, 0x13, 0x10, 0x31, 0x00,
    0x04, 0x04, 0x00, 0x00, 0x4C, 0x40, 0x10, 0x04, 0x31, 0x03, 0x31, 0x10, 0x01, 0x03, 0x01, 0x03,
    0x0C, 0x01, 0x01, 0x04, 0x30, 0x00, 0x00, 0x10, 0x00, 0x10, 0x00, 0x00, 0x30, 0x04, 0x00, 0x04,
    0x04, 0x00, 0x00, 0x04, 0x00, 0x00, 0xB6, 0x76, 0xDD, 0xED, 0xED, 0xED, 0x1D, 0xD1, 0xC0, 0x40,
    0x40, 0x13, 0x0C, 0x04, 0x40, 0x01, 0x00, 0x30, 0x01, 0x04, 0xC0, 0x4C, 0x40, 0x43, 0x13, 0x10,
    0x04, 0x04, 0x01, 0x00, 0xC0, 0x30, 0x40, 0x01, 0x10, 0x31, 0x10, 0x33, 0x00, 0x40, 0x00, 0x00,
    0x01, 0x00, 0xC1, 0x00, 0x0C, 0x00, 0xC0, 0x10, 0x01, 0x00, 0x00, 0xC0, 0x00, 0x10, 0x40, 0x40,
    0x0C, 0x30, 0x31, 0x1E, 0x4B, 0x77, 0x77, 0x91, 0xBB, 0x88, 0x48, 0x04, 0x31, 0x01, 0x04, 0x40,
    0x31, 0x10, 0xC4, 0x11, 0x10, 0x00, 0x44, 0x04, 0x04, 0x0C, 0x41, 0x01, 0x00, 0xC3, 0x10, 0x13,
    0x11, 0x04, 0x04, 0x10, 0x03, 0x10, 0x03, 0x13, 0x04, 0x00, 0x30, 0x00, 0x10, 0x0C, 0x00, 0x00,
    0xC0, 0x00, 0x04, 0x00, 0x40, 0x00, 0x0C, 0x00, 0xC0, 0x00, 0x00, 0x00, 0x00, 0x03, 0x03, 0xB4,
    0x9D, 0xEE, 0xED, 0x2B, 0xD1, 0x1F, 0x23, 0x30, 0xC0, 0xC0, 0xC0, 0x04, 0x10, 0x03, 0x10, 0xC0,
    0x0C, 0x44, 0x00, 0x40, 0x40, 0xC4, 0x00, 0x30, 0xC4, 0x10, 0x03, 0x01, 0x00, 0x00, 0xC0, 0xC3,
    0x31, 0x03, 0x10, 0x03, 0x00, 0x01, 0x00, 0x41, 0x00, 0x00, 0x40, 0x0C, 0x04, 0x10, 0x40, 0x00,
    0x00, 0x0C, 0x40, 0x10, 0x01, 0x00, 0x00, 0x00, 0x03, 0x00, 0x30, 0x0F, 0x47, 0x47, 0x46, 0x77,
    0xEF, 0x87, 0x41, 0x04, 0x11, 0x10, 0x44, 0xC3, 0x01, 0x31, 0x01, 0x31, 0x31, 0x00, 0x4C, 0x0C,
    0x0C, 0x40, 0x4C, 0x4C, 0x40, 0x0C, 0x4C, 0x40, 0x13, 0x10, 0x4C, 0x10, 0x40, 0x31, 0x01, 0x13,
    0x00, 0x10, 0x04, 0x00, 0x00, 0xC0, 0x03, 0x00, 0x40, 0x00, 0x00, 0x30, 0x01, 0x00, 0x00, 0x00,
    0x10, 0x00, 0xC1, 0x03, 0x00, 0x03, 0x00, 0x00, 0x3E, 0x1B, 0x6F, 0xFD, 0x11, 0xF2, 0x30, 0x33,
    0x00, 0x0C, 0x00, 0x41, 0x10, 0x10, 0x10, 0x10, 0x10, 0x33, 0x04, 0xC4, 0xC4, 0x04, 0x04, 0x04,
    0x0D, 0x04, 0x04, 0x04, 0x01, 0x00, 0x01, 0x00, 0x04, 0x10, 0x30, 0x03, 0x0C, 0x00, 0x00, 0x00,
    0x0C, 0x04, 0x00, 0x10, 0x00, 0x00, 0x03, 0x01, 0x00, 0x00, 0x01, 0x00, 0x00, 0x0C, 0x00, 0x00,
    0x04, 0x00, 0x03, 0x03, 0x00, 0xC3, 0x34, 0x64, 0xB4, 0x60, 0x4C, 0x41, 0x13, 0x11, 0x31, 0x0C,
    0x01, 0x01, 0x03, 0x01, 0x01, 0x04, 0xC0, 0x40, 0x40, 0x40, 0xC0, 0x40, 0xC0, 0x30, 0x40, 0x43,
    0x10, 0x31, 0x30, 0x31, 0x03, 0x03, 0x13, 0x13, 0x00, 0x03, 0x00, 0x30, 0x40, 0x40, 0x30, 0x00,
    0x03, 0x04, 0x30, 0x10, 0x00, 0x10, 0x10, 0x01, 0x00, 0x00, 0x40, 0x00, 0x40, 0x30, 0x10, 0x00,
    0x00, 0x00, 0xC2, 0x0F, 0x4F, 0x33, 0x04, 0x30, 0x01, 0x00, 0x10, 0x10, 0x40, 0xCC, 0x31, 0x10,
    0x10, 0xC0, 0x44, 0x04, 0x04, 0x0C, 0x4C, 0x0C, 0x44, 0x4C, 0x0C, 0x0C, 0x03, 0x10, 0x04, 0x10,
    0x10, 0x41, 0x00, 0x03, 0x04, 0x10, 0x10, 0x00, 0x00, 0x00, 0x01, 0x00, 0xC0, 0x00, 0x01, 0x00,
    0x30, 0x00, 0x00, 0x00, 0x03, 0x04, 0x00, 0xC0, 0x00, 0x01, 0x00, 0x00, 0x0C, 0x30, 0x00, 0x30,
    0x00, 0x01, 0x00, 0x44, 0xC4, 0x31, 0x03, 0x0C, 0x31, 0x04, 0xC4, 0x02, 0x03, 0x10, 0x00, 0x40,
    0x40, 0xC4, 0x04, 0xC4, 0x00, 0x01, 0x31, 0x04, 0x4C, 0x03, 0x00, 0x03, 0x00, 0x30, 0x11, 0x13,
    0x00, 0x00, 0x00, 0x40, 0x00, 0x03, 0x00, 0x0C, 0x04, 0x00, 0x10, 0x00, 0x01, 0x00, 0x00, 0xC0,
    0x00, 0x00, 0x00, 0x04, 0x00, 0x00, 0x00, 0x30, 0xC0, 0x00, 0x30, 0x00, 0x03, 0x00, 0x10, 0x00,
    0x40, 0xC0, 0xC4, 0xC4, 0x40, 0xC0, 0x40, 0xC4, 0x10, 0x41, 0x10, 0x33, 0x0C, 0x40, 0x40, 0x40,
    0xC4, 0xC4, 0x04, 0x30, 0x04, 0x41, 0x11, 0x31, 0x34, 0x11, 0x00, 0x03, 0x00, 0x01, 0x00, 0x01,
    0x04, 0x30, 0x10, 0x00, 0x40, 0x10, 0x00, 0x0C, 0x10, 0x0C, 0x10, 0x01, 0x04, 0x00, 0x0C, 0x00,
    0x03, 0x00, 0x00, 0x00, 0x00, 0x03, 0x00, 0xC3, 0x00, 0x03, 0x0C, 0x4C, 0x04, 0x11, 0x00, 0x40,
    0x04, 0x10, 0x04, 0x10, 0xCC, 0x0C, 0x0C, 0x41, 0x31, 0x0C, 0x0C, 0x04, 0x00, 0x40, 0x40, 0xC4,
    0xC0, 0x0C, 0x00, 0x00, 0x00, 0x40, 0x31, 0x33, 0x0C, 0x40, 0x0C, 0x00, 0x00, 0x01, 0x00, 0xC0,
    0x00, 0x00, 0x00, 0xC0, 0x00, 0x00, 0x00, 0x10, 0x00, 0x04, 0x00, 0x40, 0x30, 0x10, 0x0C, 0x00,
    0x00, 0x00, 0x00, 0x00, 0x0C, 0x30, 0x41, 0x01, 0x03, 0x00, 0xC4, 0x04, 0xC3, 0x04, 0x43, 0x0C,
    0x41, 0x13, 0x10, 0x30, 0x10, 0x13, 0x11, 0x03, 0x44, 0x0C, 0x0C, 0x40, 0x4C, 0x41, 0x0C, 0x44,
    0x44, 0x0C, 0x40, 0x13, 0x00, 0x00, 0x00, 0x40, 0x00, 0x10, 0x00, 0x04, 0x03, 0x01, 0x04, 0x04,
    0x00, 0x10, 0x00, 0x00, 0x00, 0xC0, 0x04, 0x00, 0x00, 0x00, 0x00, 0x10, 0x03, 0x00, 0x00, 0x00,
    0x00, 0x00, 0x0C, 0x10, 0xC4, 0x44, 0x10, 0x80, 0x41, 0x00, 0x31, 0x04, 0x0C, 0x01, 0x01, 0x04,
    0x01, 0x01, 0x00, 0x10, 0x00, 0xC4, 0xC4, 0x04, 0x04, 0x00, 0xC4, 0x00, 0x00, 0xC4, 0x31, 0x03,
    0x01, 0x01, 0x04, 0x03, 0x04, 0x00, 0x0C, 0x00, 0x30, 0x10, 0x00, 0x00, 0x10, 0x00, 0x10, 0x00,
    0x30, 0x00, 0x00, 0x00, 0x00, 0x00, 0xC1, 0x00, 0x00, 0x00, 0x30, 0x00, 0xC0, 0x00, 0x41, 0x03,
    0x00, 0x03, 0x03, 0x10, 0x30, 0x4C, 0x40, 0xC0, 0x41, 0x30, 0x10, 0xC1, 0x10, 0x30, 0x13, 0x01,
    0x31, 0x00, 0x40, 0x40, 0xC0, 0x44, 0x00, 0x4C, 0x4C, 0x40, 0x40, 0xC4, 0x30, 0x00, 0x00, 0x00,
    0x00, 0x00, 0xC0, 0x40, 0x01, 0x00, 0x00, 0x40, 0x00, 0x03, 0x00, 0xC1, 0x00, 0x01, 0x00, 0x03,
    0x04, 0x00, 0x00, 0x00, 0x10, 0x04, 0x00, 0x30, 0x00, 0x00, 0x0C, 0x31, 0x11, 0x31, 0x10, 0x0C,
    0x44, 0x04, 0x04, 0x10, 0x30, 0x11, 0x03, 0x10, 0x03, 0x11, 0x00, 0x40, 0x10, 0x10, 0x04, 0x0C,
    0x44, 0x00, 0x44, 0x00, 0x04, 0x04, 0x34, 0x10, 0x00, 0x30, 0x00, 0x10, 0x40, 0x30, 0x04, 0x03,
    0x00, 0x00, 0xC0, 0x00, 0x03, 0x00, 0x00, 0x00, 0x01, 0x00, 0x00, 0x30, 0x00, 0x04, 0x00, 0x00,
    0x00, 0x00, 0x00, 0x00, 0x00, 0x30, 0xC4, 0xC0, 0x00, 0x10, 0x0D, 0x10, 0x00, 0x40, 0x43, 0x04,
    0xC4, 0x00, 0x21, 0x01, 0x31, 0x00, 0x34, 0x31, 0x03, 0x01, 0x00, 0xC4, 0x00, 0xC4, 0x00, 0xC4,
    0x40, 0x40, 0xC3, 0x0C, 0x01, 0x00, 0x41, 0x00, 0x03, 0x01, 0x00, 0x00, 0x10, 0x0C, 0x04, 0x0C,
    0x40, 0x10, 0x04, 0x00, 0x00, 0x00, 0x0C, 0x00, 0x40, 0x00, 0x00, 0x00, 0x00, 0x00, 0x00, 0x00,
    0x03, 0x00, 0x00, 0x44, 0x4C, 0x01, 0x00, 0x01, 0x33, 0x08, 0x0C, 0x40, 0x41, 0x13, 0x00, 0x10,
    0x10, 0x13, 0x00, 0x40, 0x31, 0x30, 0xC4, 0x00, 0xC4, 0x00, 0xCC, 0x40, 0x04, 0x0C, 0x41, 0x13,
    0x00, 0x04, 0x00, 0x00, 0x00, 0x10, 0x00, 0x30, 0x00, 0xC0, 0x40, 0x00, 0x00, 0x00, 0x40, 0x10,
    0xC0, 0x0C, 0x00, 0x04, 0x00, 0x00, 0x04, 0x03, 0x00, 0x00, 0x04, 0x00, 0x30, 0x00, 0x84, 0x00,
    0x04, 0x40, 0xC4, 0x40, 0x10, 0x41, 0x31, 0x0C, 0x00, 0x01, 0x11, 0x03, 0x01, 0x01, 0x10, 0x31,
    0x00, 0x10, 0x43, 0x11, 0x03, 0x4C, 0x40, 0x04, 0xC3, 0x10, 0x10, 0x03, 0x30, 0x00, 0x00, 0x0C,
    0x10, 0x00, 0x0C, 0x01, 0x00, 0x04, 0x00, 0x40, 0x04, 0x00, 0x00, 0x00, 0x01, 0x00, 0x10, 0x00,
    0x00, 0xC0, 0x40, 0x00, 0x01, 0x00, 0xC0, 0x0C, 0x00, 0x00, 0x00, 0x4C, 0x40, 0x31, 0x00, 0x31,
    0x0C, 0x30, 0x10, 0x11, 0x11, 0x30, 0x00, 0xC4, 0x40, 0xC0, 0x0C, 0x40, 0xD1, 0x03, 0x0C, 0x40,
    0x10, 0x04, 0x04, 0x40, 0x10, 0x0D, 0x01, 0x23, 0x01, 0x00, 0x10, 0xC0, 0x00, 0x00, 0x40, 0x40,
    0x04, 0x00, 0x00, 0x01, 0x00, 0x0C, 0x00, 0x00, 0x10, 0x00, 0x00, 0x00, 0x00, 0x00, 0x00, 0x00,
    0x10, 0x00, 0x00, 0x00, 0x00, 0x00, 0x33, 0x04, 0x08, 0x40, 0xD3, 0x10, 0x11, 0x04, 0x01, 0x00,
    0x00, 0x11, 0x10, 0x40, 0x31, 0x11, 0x04, 0x04, 0x00, 0x10, 0x40, 0x0C, 0xC1, 0x00, 0xC0, 0x0C,
    0x41, 0x10, 0x20, 0x04, 0x00, 0x0C, 0x00, 0x04, 0x01, 0x04, 0x00, 0x00, 0x00, 0x00, 0xC4, 0x00,
    0x00, 0xC0, 0x04, 0x04, 0x00, 0x01, 0x00, 0x40, 0x30, 0x40, 0x00, 0x31, 0x00, 0x00, 0x00, 0x00,
    0x00, 0xC0, 0x04, 0x40, 0x40, 0x31, 0x01, 0x01, 0x00, 0xC3, 0x40, 0xC4, 0xC4, 0x00, 0x0C, 0x04,
    0x10, 0x00, 0xC0, 0x40, 0x4C, 0x0C, 0x04, 0x41, 0x30, 0x10, 0x4C, 0x40, 0x30, 0x02, 0x04, 0x43,
    0x00, 0x00, 0x00, 0x40, 0x30, 0x00, 0x00, 0x0C, 0x00, 0x40, 0x00, 0x30, 0x0C, 0x01, 0x00, 0x00,
    0x00, 0x10, 0x00, 0x00, 0x00, 0x00, 0x00, 0x00, 0x00, 0x01, 0x00, 0x00, 0xC0, 0x03, 0x00, 0x08,
    0x04, 0x10, 0x10, 0x10, 0x31, 0x10, 0x31, 0x00, 0x43, 0x13, 0x11, 0x03, 0x01, 0x31, 0x10, 0x33,
    0x04, 0x41, 0x00, 0x30, 0x11, 0x0C, 0x04, 0x04, 0x13, 0x10, 0x40, 0x33, 0x31, 0x04, 0x10, 0x00,
    0x00, 0x00, 0x10, 0x40, 0x40, 0x01, 0x00, 0x01, 0x00, 0x10, 0x00, 0x00, 0x03, 0x00, 0x00, 0x01,
    0x00, 0x01, 0x03, 0x00, 0x00, 0x00, 0x00, 0xC0, 0x00, 0x00, 0x04, 0xC1, 0x03, 0x01, 0x03, 0x0C,
    0x40, 0x01, 0x04, 0x10, 0x31, 0x01, 0x00, 0xC4, 0x40, 0x10, 0x0C, 0x41, 0x00, 0x30, 0xD1, 0x04,
    0x00, 0x31, 0x00, 0xC3, 0x01, 0x0C, 0x31, 0x04, 0x00, 0x00, 0x00, 0x01, 0x01, 0x0C, 0x00, 0x00,
    0x00, 0x30, 0x04, 0x10, 0x01, 0x00, 0x03, 0x03, 0x00, 0x00, 0x30, 0x30, 0x01, 0x00, 0x00, 0x00,
    0x00, 0x30, 0x00, 0x00, 0x03, 0x00, 0x00, 0x40, 0xC4, 0x40, 0xC4, 0xC4, 0x04, 0xC4, 0x30, 0xCC,
    0x40, 0x10, 0x10, 0x40, 0x31, 0x03, 0x10, 0x30, 0x13, 0x10, 0x00, 0xC1, 0x31, 0x00, 0x10, 0x41,
    0x10, 0x11, 0x04, 0x33, 0x00, 0x00, 0x00, 0xC0, 0x00, 0x00, 0x00, 0x00, 0x04, 0x00, 0x00, 0x00,
    0x10, 0x00, 0x30, 0x10, 0x04, 0x03, 0x00, 0x00, 0x00, 0x00, 0x00, 0x40, 0x30, 0x00, 0x00, 0x01,
    0x00, 0x00, 0xC4, 0x04, 0x10, 0x31, 0x00, 0x40, 0x40, 0x40, 0xC4, 0x10, 0x31, 0x03, 0x0C, 0x04,
    0x10, 0x21, 0x01, 0x04, 0x01, 0x01, 0x10, 0x40, 0x10, 0x11, 0x00, 0x30, 0x02, 0x00, 0xC3, 0x13,
    0x04, 0x10, 0x40, 0x00, 0x10, 0x04, 0x10, 0x41, 0x00, 0x04, 0x00, 0x03, 0x00, 0x03, 0x00, 0x00,
    0x00, 0x00, 0x04, 0x00, 0x40, 0x00, 0x10, 0x00, 0x00, 0x00, 0x0C, 0x10, 0x00, 0x00, 0x00, 0x43,
    0x03, 0x10, 0xC4, 0x04, 0x08, 0x0C, 0x40, 0xC1, 0x04, 0x31, 0x04, 0x43, 0x01, 0x00, 0x10, 0xC1,
    0x10, 0x10, 0x0C, 0x04, 0x01, 0x00, 0x31, 0x04, 0xC4, 0x10, 0x41, 0x03, 0x00, 0x00, 0x01, 0x04,
    0x00, 0xC0, 0x00, 0x00, 0x00, 0x40, 0x10, 0x40, 0x00, 0xC0, 0x04, 0x00, 0x40, 0x10, 0x00, 0x04,
    0x00, 0x30, 0x00, 0x01, 0x01, 0x01, 0x00, 0x00, 0x00, 0x00, 0x84, 0x0C, 0x4C, 0x01, 0x03, 0x03,
    0x31, 0x31, 0x04, 0x10, 0xC0, 0x40, 0x40, 0x0C, 0x40, 0xC4, 0x0C, 0x40, 0x02, 0x01, 0x04, 0x43,
    0x10, 0x31, 0x00, 0xC0, 0x43, 0x0C, 0x10, 0x13, 0x00, 0x00, 0x00, 0x00, 0x00, 0x00, 0x00, 0x00,
    0x30, 0x00, 0x00, 0x00, 0x10, 0x01, 0x00, 0x0C, 0x00, 0x00, 0x00, 0x00, 0x03, 0x00, 0x00, 0x00,
    0x00, 0x00, 0x00, 0x00, 0x00, 0x30, 0x00, 0xC4, 0x04, 0x40, 0xC4, 0x4C, 0x40, 0x10, 0x33, 0x0C,
    0x44, 0x30, 0x31, 0x30, 0x13, 0x13, 0x10, 0x04, 0xC4, 0x10, 0xC0, 0x0C, 0x43, 0x10, 0x13, 0x10,
    0x04, 0x41, 0x01, 0x03, 0x30, 0x41, 0x00, 0x00, 0x30, 0x41, 0x04, 0x10, 0x00, 0x0C, 0x00, 0x04,
    0x00, 0x10, 0x00, 0x00, 0x03, 0x00, 0x40, 0x40, 0x00, 0x04, 0x00, 0xC0, 0x00, 0x00, 0x00, 0x00,
    0x0C, 0x00, 0x44, 0x40, 0x40, 0x10, 0x40, 0x04, 0x11, 0x0D, 0x04, 0xC4, 0x00, 0xC4, 0x40, 0x11,
    0x01, 0x00, 0x41, 0x00, 0x40, 0xC3, 0x13, 0x10, 0x0C, 0x02, 0x01, 0x01, 0x00, 0x30, 0xC4, 0x34,
    0x00, 0x00, 0x04, 0x30, 0x00, 0x00, 0x00, 0x00, 0x41, 0x00, 0x41, 0x00, 0x00, 0x00, 0x03, 0x04,
    0x30, 0x04, 0x00, 0x00, 0xC0, 0x40, 0x04, 0x00, 0x00, 0x00, 0x00, 0x00, 0x00, 0x10, 0x30, 0x11,
    0x34, 0xC4, 0x21, 0x21, 0x1D, 0x40, 0x40, 0x40, 0x4C, 0x40, 0x31, 0x00, 0xC0, 0x10, 0x30, 0xD0,
    0x31, 0x31, 0x01, 0x0C, 0x44, 0x40, 0x40, 0x20, 0xD3, 0x11, 0x03, 0x00, 0x01, 0x00, 0x00, 0x01,
    0x04, 0x00, 0x00, 0x0C, 0x00, 0x04, 0x00, 0x00, 0x04, 0x00, 0x30, 0x00, 0x00, 0x40, 0x00, 0x00,
    0x00, 0x00, 0x00, 0x00, 0x40, 0xC0, 0x30, 0x40, 0xCC, 0x4D, 0x11, 0x0C, 0x41, 0x01, 0x13, 0x11,
    0x00, 0x13, 0x10, 0x33, 0x04, 0x08, 0x10, 0x31, 0x11, 0x0C, 0x4C, 0x0D, 0x00, 0x10, 0x10, 0x10,
    0x00, 0x34, 0x0C, 0x41, 0x01, 0x00, 0x4C, 0x44, 0x30, 0x0C, 0x00, 0x40, 0x00, 0x30, 0x41, 0x00,
    0x00, 0x00, 0x00, 0x0C, 0x00, 0x01, 0x00, 0x40, 0x10, 0x00, 0x03, 0x00, 0x10, 0x00, 0x00, 0x04,
    0x00, 0x01, 0x00, 0x00, 0x11, 0x31, 0x04, 0xC0, 0x30, 0x84, 0xC4, 0x44, 0xC4, 0xC1, 0x0D, 0x10,
    0x40, 0xC0, 0x03, 0x10, 0x00, 0xC4, 0x04, 0x40, 0x11, 0x01, 0x03, 0x0D, 0x13, 0x00, 0xC4, 0x0C,
    0x30, 0xC4, 0x04, 0x03, 0x00, 0x00, 0x40, 0x00, 0x00, 0x00, 0x00, 0x01, 0x04, 0x00, 0xC1, 0x00,
    0x40, 0x10, 0x00, 0x03, 0x00, 0x00, 0x30, 0x04, 0x00, 0x01, 0x00, 0x00, 0x00, 0x00, 0x00, 0x0C,
    0x43, 0x44, 0x83, 0x11, 0x11, 0x32, 0x0C, 0x20, 0x32, 0x10, 0xC8, 0x08, 0x23, 0x10, 0x40, 0x03,
    0x10, 0x40, 0x40, 0x04, 0x00, 0xC0, 0xC4, 0xC0, 0x01, 0x10, 0x40, 0xC4, 0xC4, 0x43, 0x01, 0x13,
    0x01, 0x04, 0x00, 0x03, 0x04, 0x10, 0x00, 0x10, 0x00, 0x10, 0x00, 0x00, 0x00, 0x00, 0x04, 0x00,
    0x00, 0x0C, 0x00, 0x00, 0x00, 0x10, 0x01, 0x00, 0x00, 0x40, 0x00, 0xC4, 0xD1, 0x31, 0x11, 0x21,
    0x21, 0x11, 0x11, 0x04, 0xC1, 0x08, 0x44, 0x4D, 0x04, 0x0C, 0x0C, 0x41, 0x0C, 0x04, 0x0C, 0x43,
    0x44, 0x11, 0x00, 0x44, 0x80, 0x0C, 0x04, 0x00, 0x40, 0x04, 0x40, 0x03, 0x30, 0x00, 0x04, 0x10,
    0x00, 0x00, 0x41, 0x00, 0x03, 0x00, 0x40, 0x10, 0x0C, 0x00, 0xC0, 0x04, 0x04, 0x00, 0x01, 0x00,
    0x01, 0x00, 0x00, 0x00, 0x0C, 0x00, 0x0C, 0x41, 0x13, 0x44, 0x31, 0x11, 0xD1, 0x30, 0xC0, 0xC0,
    0x20, 0x44, 0x33, 0x10, 0x4C, 0x44, 0x84, 0x00, 0x31, 0x03, 0x10, 0x30, 0x03, 0x00, 0xC4, 0x00,
    0x11, 0x04, 0x40, 0x44, 0x04, 0x40, 0x11, 0x34, 0x00, 0x00, 0xC0, 0x00, 0x00, 0x00, 0x00, 0x00,
    0x40, 0x00, 0x03, 0x00, 0x00, 0x10, 0x00, 0x00, 0x00, 0x00, 0x40, 0x00, 0x10, 0x00, 0x00, 0x03,
    0x00, 0x00, 0x00, 0x13, 0x10, 0x11, 0xD1, 0x11, 0x11, 0xD1, 0x10, 0x12, 0x04, 0xCD, 0x11, 0x2D,
    0x21, 0x21, 0x03, 0x12, 0x10, 0x10, 0x0D, 0x04, 0x41, 0x10, 0x40, 0x44, 0x00, 0xC0, 0x0C, 0x03,
    0x10, 0x31, 0x00, 0xC0, 0x01, 0x04, 0x00, 0x01, 0x04, 0x10, 0x00, 0x30, 0x00, 0x40, 0x00, 0x01,
    0x01, 0x00, 0x01, 0x00, 0x00, 0x10, 0x00, 0x01, 0x00, 0x00, 0xC0, 0x30, 0x00, 0x03, 0x11, 0x04,
    0x4D, 0x11, 0x12, 0x1D, 0x91, 0x12, 0x08, 0x00, 0xC1, 0xD3, 0x84, 0x44, 0xD2, 0xD3, 0x44, 0x00,
    0x01, 0x0C, 0x40, 0x10, 0x30, 0x0C, 0x04, 0x03, 0x44, 0x13, 0x13, 0x10, 0x0C, 0x40, 0xC4, 0x13,
    0x30, 0x00, 0x04, 0x10, 0x00, 0x00, 0xC1, 0x00, 0x04, 0x01, 0x04, 0x00, 0x00, 0x00, 0x40, 0x00,
    0xC0, 0x00, 0x00, 0x30, 0x00, 0x00, 0x01, 0x00, 0x04, 0x31, 0x00, 0x43, 0x31, 0x1D, 0x21, 0xD1,
    0x1D, 0xD0, 0x4C, 0x23, 0x12, 0x11, 0x12, 0xD2, 0x11, 0x11, 0x11, 0xD1, 0x10, 0x31, 0x04, 0x03,
    0x11, 0x04, 0x40, 0xC4, 0x03, 0x01, 0x01, 0x0D, 0x10, 0x34, 0x10, 0xC3, 0x00, 0x00, 0x40, 0x00,
    0x00, 0x00, 0x00, 0x04, 0x00, 0x00, 0x00, 0x10, 0x30, 0x00, 0x00, 0x00, 0x01, 0x00, 0x03, 0x00,
    0x00, 0x30, 0x10, 0x00, 0x40, 0x00, 0x44, 0xC4, 0x44, 0x48, 0x44, 0x1D, 0x44, 0x44, 0xC4, 0x04,
    0x24, 0x74, 0x74, 0x47, 0x47, 0x87, 0x84, 0x20, 0x0C, 0x40, 0x33, 0x10, 0x40, 0xC0, 0x0C, 0x40,
    0xC4, 0x40, 0x10, 0x10, 0x0C, 0x43, 0x0C, 0x44, 0x01, 0x04, 0x00, 0x03, 0x04, 0x10, 0x40, 0x00,
    0x00, 0xC0, 0x00, 0x00, 0x00, 0x10, 0x00, 0x30, 0x10, 0x00, 0xC0, 0x00, 0x01, 0x00, 0x00, 0x00,
    0x00, 0x11, 0x11, 0x11, 0x11, 0x10, 0x01, 0xC4, 0x67, 0x61, 0x10, 0xC3, 0x11, 0xD1, 0x86, 0xD1,
    0x1D, 0x1D, 0x1D, 0xD1, 0x10, 0x21, 0x04, 0x08, 0x0C, 0x44, 0xC4, 0x04, 0x10, 0x04, 0x03, 0x03,
    0x10, 0x31, 0x10, 0x03, 0x30, 0x00, 0x03, 0x00, 0x00, 0x00, 0x01, 0x00, 0x40, 0x04, 0x10, 0x03,
    0x04, 0x00, 0x00, 0x00, 0x00, 0x00, 0x00, 0x40, 0x40, 0x01, 0x00, 0x0C, 0x00, 0x04, 0x4C, 0x47,
    0x44, 0xC4, 0xF3, 0x67, 0x44, 0x44, 0x84, 0x12, 0x1D, 0x18, 0x51, 0x1B, 0x61, 0xB4, 0x78, 0x44,
    0xC8, 0x00, 0xC2, 0x10, 0x40, 0x00, 0x40, 0x43, 0x03, 0x33, 0x10, 0x4D, 0x04, 0x40, 0x08, 0x4C,
    0x00, 0x00, 0xC0, 0x10, 0x40, 0x00, 0x00, 0x04, 0x01, 0x00, 0x00, 0x40, 0x00, 0x00, 0x30, 0x04,
    0x00, 0x30, 0x10, 0x00, 0x00, 0x00, 0x00, 0xC0, 0x03, 0x11, 0x11, 0x11, 0x11, 0xC3, 0x11, 0x11,
    0x1D, 0x91, 0x12, 0x30, 0x46, 0x45, 0x1D, 0x91, 0x1B, 0x46, 0x11, 0x21, 0x11, 0x11, 0x20, 0x0C,
    0x34, 0x44, 0x04, 0x0C, 0x4C, 0x41, 0x0C, 0x00, 0x30, 0x21, 0x04, 0x04, 0x04, 0x10, 0x04, 0x00,
    0x03, 0x04, 0x10, 0x00, 0x00, 0x00, 0x00, 0x00, 0x00, 0x00, 0x00, 0x40, 0x03, 0x01, 0x00, 0x00,
    0x00, 0x00, 0x00, 0x00, 0x40, 0x44, 0x44, 0xC4, 0xF4, 0x71, 0x08, 0x44, 0x74, 0x44, 0xB4, 0x48,
    0x74, 0x5D, 0x91, 0x19, 0xD1, 0xD1, 0xB7, 0x74, 0x8C, 0x00, 0x04, 0x41, 0x00, 0x00, 0x40, 0x84,
    0x04, 0x04, 0x31, 0x11, 0x04, 0x10, 0x40, 0x43, 0x00, 0x00, 0x40, 0x00, 0x00, 0x00, 0x00, 0xC0,
    0xC0, 0x04, 0x30, 0x00, 0x40, 0x0C, 0x04, 0x00, 0x30, 0x00, 0x00, 0x0C, 0x01, 0x00, 0x30, 0x04,
    0x00, 0x44, 0x44, 0x71, 0x12, 0x10, 0x84, 0xD1, 0xE1, 0x1D, 0x11, 0x01, 0x19, 0xD1, 0xD9, 0x74,
    0x67, 0x47, 0x44, 0x84, 0x44, 0x4C, 0x40, 0x30, 0x44, 0xC4, 0x31, 0x00, 0x40, 0x40, 0xC0, 0x00,
    0x43, 0x0C, 0x31, 0x0C, 0x00, 0x00, 0x00, 0xC4, 0x10, 0x40, 0x0C, 0x04, 0x04, 0x00, 0x00, 0x00,
    0x00, 0x00, 0x00, 0x00, 0x00, 0x40, 0x03, 0x00, 0x10, 0x01, 0x00, 0x40, 0x0C, 0x4D, 0x1D, 0x1D,
    0x11, 0x0C, 0x43, 0x18, 0x44, 0x48, 0x4C, 0x8D, 0xD1, 0x65, 0x1D, 0xDD, 0xD1, 0x98, 0x6D, 0x47,
    0x84, 0xC4, 0x0C, 0x44, 0x00, 0x40, 0xC0, 0xC4, 0x04, 0x0C, 0x44, 0x48, 0x31, 0x11, 0x04, 0x33,
    0x31, 0x04, 0x0C, 0x00, 0x00, 0x01, 0x00, 0x40, 0x00, 0x00, 0x00, 0x40, 0x00, 0x40, 0x00, 0x0C,
    0x10, 0x00, 0x30, 0x01, 0x00, 0x00, 0x00, 0x00, 0x01, 0x10, 0x44, 0x74, 0x4C, 0x42, 0x34, 0x87,
    0x47, 0x84, 0xD1, 0x31, 0x16, 0x47, 0x5D, 0x94, 0x59, 0x1D, 0xD2, 0x1D, 0x12, 0x10, 0x84, 0x00,
    0xC4, 0x04, 0x11, 0x03, 0x30, 0xC4, 0x00, 0x01, 0x04, 0x00, 0xC3, 0x13, 0x00, 0x00, 0x00, 0x40,
    0x00, 0x00, 0x04, 0x00, 0x00, 0xC1, 0x00, 0x00, 0x00, 0x00, 0x40, 0x40, 0x00, 0x01, 0x00, 0x10,
    0x00, 0x00, 0x00, 0x00, 0x13, 0x04, 0x77, 0x44, 0x21, 0x30, 0x43, 0x11, 0x21, 0x11, 0x04, 0x44,
    0x64, 0x59, 0xD9, 0x1D, 0xB7, 0x64, 0x65, 0xD2, 0x47, 0x33, 0x00, 0xC4, 0x10, 0xC3, 0x00, 0xD0,
    0x44, 0x10, 0xC4, 0xD0, 0xC0, 0x4C, 0x44, 0x03, 0x00, 0x03, 0x04, 0x01, 0x04, 0x10, 0x00, 0x01,
    0x0C, 0x00, 0x00, 0x00, 0x00, 0x00, 0x00, 0x00, 0x00, 0x40, 0x01, 0x00, 0x00, 0x10, 0x04, 0x03,
    0x04, 0x4D, 0x11, 0xD3, 0x11, 0x21, 0x21, 0x19, 0xDD, 0x2C, 0x43, 0x21, 0xD5, 0xD1, 0x45, 0x77,
    0x51, 0x45, 0x12, 0x18, 0x71, 0x11, 0x13, 0x03, 0x03, 0x10, 0x44, 0x0C, 0x03, 0x03, 0x10, 0x01,
    0x10, 0x34, 0x03, 0x44, 0x04, 0x10, 0x00, 0x00, 0x00, 0x00, 0xC0, 0x30, 0x00, 0x00, 0x00, 0x00,
    0x40, 0x30, 0x00, 0x04, 0x10, 0x00, 0x00, 0x00, 0x01, 0x00, 0x00, 0x00, 0x01, 0x10, 0x75, 0x10,
    0x4C, 0x40, 0xC1, 0xD1, 0x46, 0x47, 0x22, 0x17, 0x47, 0x57, 0x5E, 0x45, 0x16, 0x5E, 0x75, 0xD1,
    0xDE, 0x20, 0x02, 0x10, 0x44, 0x04, 0x03, 0x11, 0x10, 0x44, 0x01, 0x30, 0x0D, 0x00, 0x44, 0x03,
    0x00, 0x00, 0x40, 0xC0, 0x00, 0x0C, 0x01, 0x00, 0x00, 0x00, 0x04, 0x30, 0x03, 0x00, 0x41, 0x00,
    0x00, 0x00, 0x10, 0x00, 0xC0, 0x00, 0x00, 0x10, 0x10, 0xC7, 0x44, 0x44, 0x1D, 0x12, 0x13, 0x65,
    0xD1, 0xD5, 0x44, 0x44, 0x59, 0x1D, 0x14, 0x59, 0x64, 0x77, 0x49, 0x1B, 0x44, 0x47, 0x8C, 0x04,
    0x03, 0x40, 0x41, 0x00, 0x0C, 0x00, 0x40, 0x11, 0x00, 0x44, 0x03, 0x13, 0x00, 0x00, 0x00, 0x04,
    0x10, 0x40, 0x10, 0x00, 0x01, 0x01, 0x00, 0x00, 0x00, 0x04, 0x00, 0x00, 0x00, 0x0C, 0x00, 0x0C,
    0x00, 0x00, 0x40, 0x00, 0xC4, 0x41, 0x15, 0xD3, 0xC4, 0x81, 0x0D, 0x17, 0x65, 0x1D, 0x17, 0x76,
    0xD1, 0x66, 0x65, 0x91, 0xD5, 0x91, 0x91, 0xB4, 0x61, 0xE0, 0x41, 0x03, 0x10, 0x04, 0x30, 0x13,
    0x11, 0x31, 0x08, 0x00, 0xD0, 0x03, 0x10, 0x43, 0x31, 0x04, 0x04, 0x00, 0x00, 0x00, 0x00, 0x00,
    0x10, 0x00, 0x00, 0x04, 0x10, 0x40, 0x00, 0x00, 0x03, 0x00, 0x00, 0xC0, 0x00, 0x04, 0x00, 0x00,
    0x44, 0x11, 0xD1, 0x10, 0x49, 0x10, 0xC1, 0x74, 0x47, 0x51, 0x79, 0x11, 0x45, 0xD1, 0xD1, 0xD5,
    0x77, 0x59, 0x17, 0x46, 0x1E, 0x1D, 0x30, 0xC4, 0x0C, 0x40, 0xC4, 0x01, 0x00, 0x10, 0x31, 0x13,
    0x04, 0x44, 0x04, 0x0C, 0x00, 0x00, 0x00, 0x00, 0x00, 0x04, 0x00, 0x01, 0x00, 0x00, 0x01, 0x00,
    0x00, 0x00, 0x00, 0x30, 0x40, 0x01, 0x00, 0x00, 0x41, 0x00, 0x00, 0xC0, 0x13, 0x44, 0x45, 0xE2,
    0x11, 0x33, 0x4C, 0x45, 0x9D, 0x19, 0x13, 0x47, 0x5D, 0x97, 0x56, 0x5D, 0x96, 0x47, 0x79, 0x1D,
    0xD1, 0x10, 0x84, 0x02, 0x10, 0x31, 0x01, 0x10, 0x13, 0x03, 0x10, 0x01, 0x00, 0x03, 0x43, 0x13,
    0x00, 0x03, 0x00, 0x41, 0x04, 0x00, 0x00, 0x30, 0x00, 0x0C, 0x10, 0x00, 0x00, 0x00, 0xC1, 0x00,
    0x00, 0x10, 0x04, 0x04, 0x00, 0x00, 0x00, 0x00, 0x10, 0x4D, 0x1D, 0x11, 0x11, 0xC4, 0x21, 0x1E,
    0x45, 0xD1, 0x31, 0x24, 0x46, 0x45, 0x1D, 0x16, 0x45, 0xD6, 0x47, 0x64, 0x46, 0xE4, 0x42, 0x10,
    0x04, 0x10, 0xD0, 0x0C, 0xC1, 0x10, 0x43, 0x10, 0xD1, 0x20, 0x31, 0x03, 0x04, 0x10, 0x10, 0x00,
    0x00, 0x00, 0x03, 0x00, 0x03, 0x00, 0x00, 0x0C, 0x10, 0x30, 0x00, 0x00, 0x01, 0x00, 0x00, 0x00,
    0x00, 0x00, 0x04, 0x04, 0x11, 0x11, 0xD5, 0xD0, 0x7D, 0x13, 0x4C, 0x64, 0x51, 0x1F, 0x84, 0xC7,
    0x64, 0x51, 0x95, 0x65, 0x59, 0x44, 0x5D, 0x11, 0xA1, 0x13, 0x20, 0x0C, 0x43, 0x01, 0x02, 0x10,
    0x40, 0x0C, 0x0C, 0x43, 0x00, 0x11, 0x10, 0x13, 0x00, 0x00, 0x00, 0x00, 0x00, 0x40, 0xC0, 0x01,
    0x00, 0x10, 0x00, 0x40, 0x00, 0x00, 0x00, 0x01, 0x00, 0x00, 0xC0, 0x00, 0x00, 0x03, 0x00, 0x00,
    0x10, 0xC4, 0x44, 0x44, 0xD1, 0x82, 0x12, 0x15, 0x19, 0x84, 0x4D, 0x08, 0x75, 0xD9, 0xD2, 0x47,
    0x74, 0x59, 0xE4, 0x6B, 0x47, 0x44, 0x4D, 0x30, 0x31, 0x10, 0x20, 0x0C, 0x11, 0x04, 0xC4, 0x0C,
    0x44, 0x00, 0x0C, 0x43, 0x00, 0x01, 0x03, 0x10, 0x40, 0x00, 0x00, 0x40, 0x04, 0x00, 0x40, 0x00,
    0x00, 0x41, 0x04, 0x00, 0x00, 0x04, 0x01, 0x00, 0x10, 0xC0, 0x00, 0x03, 0x11, 0x11, 0xD5, 0xD2,
    0x12, 0x11, 0x11, 0x1D, 0xD1, 0xD1, 0x11, 0x21, 0x45, 0x91, 0x65, 0x56, 0x55, 0x9D, 0x11, 0x84,
    0x78, 0xB8, 0xC0, 0x11, 0x00, 0x02, 0x04, 0x41, 0x00, 0xC0, 0x40, 0x41, 0x03, 0x44, 0x41, 0x0C,
    0x30, 0x40, 0x00, 0x00, 0x00, 0x00, 0x04, 0x00, 0x00, 0x00, 0x00, 0x04, 0x10, 0x00, 0x00, 0x30,
    0x30, 0x40, 0x10, 0x01, 0x00, 0x00, 0x00, 0x00, 0x44, 0x04, 0x44, 0x44, 0x44, 0x4C, 0x48, 0x47,
    0x47, 0x46, 0x44, 0x84, 0xDD, 0x17, 0x44, 0x64, 0x64, 0x76, 0x77, 0x77, 0x45, 0x11, 0x12, 0x00,
    0xD1, 0x10, 0x40, 0x10, 0x10, 0x44, 0x04, 0x30, 0x10, 0x00, 0x30, 0xC4, 0x00, 0x00, 0x10, 0x00,
    0x0C, 0x10, 0x40, 0x03, 0x00, 0x10, 0x04, 0x00, 0x00, 0x00, 0x00, 0x00, 0x00, 0x00, 0x00, 0x00,
    0x00, 0x04, 0x00, 0x40, 0x11, 0xD1, 0x17, 0x6D, 0xD2, 0x04, 0xB4, 0x78, 0x74, 0x64, 0x78, 0x0C,
    0x45, 0x74, 0x56, 0x75, 0x45, 0x91, 0x18, 0x74, 0x92, 0x13, 0x20, 0x4C, 0x00, 0x0C, 0x04, 0x0C,
    0xCC, 0x00, 0x80, 0xC4, 0x0C, 0x44, 0xD1, 0x03, 0x00, 0x04, 0x00, 0x41, 0x00, 0x00, 0x00, 0x00,
    0x10, 0x00, 0x40, 0x00, 0x00, 0xC1, 0x00, 0x04, 0x10, 0x0C, 0x00, 0xC0, 0x00, 0x40, 0x00, 0x44,
    0x11, 0x04, 0x74, 0x44, 0x47, 0x4D, 0x11, 0x11, 0x11, 0xD1, 0x04, 0x4D, 0x1D, 0x99, 0xDD, 0x51,
    0x99, 0x19, 0xE7, 0x49, 0x21, 0xC9, 0x34, 0x04, 0x44, 0xC4, 0x43, 0x11, 0x04, 0x4C, 0x10, 0x43,
    0x44, 0x03, 0x00, 0xD3, 0x01, 0x00, 0x00, 0x00, 0x00, 0x00, 0x00, 0x30, 0x00, 0x0C, 0x00, 0x41,
    0x04, 0x00, 0x0C, 0x00, 0x00, 0xC0, 0x40, 0x00, 0x04, 0x00, 0x00, 0x50, 0x11, 0xD1, 0x11, 0x74,
    0x64, 0x32, 0x11, 0x9D, 0x26, 0x47, 0x4C, 0x30, 0x84, 0x45, 0x19, 0x19, 0xDD, 0x74, 0x44, 0x92,
    0xD3, 0x4C, 0x42, 0x30, 0x00, 0x40, 0x31, 0x00, 0xC0, 0x04, 0x0C, 0x04, 0x03, 0x10, 0x44, 0x03,
    0x00, 0x00, 0xC0, 0x00, 0x04, 0x00, 0x00, 0x01, 0x01, 0x00, 0x04, 0x00, 0x00, 0x00, 0x00, 0x00,
    0x00, 0x04, 0x01, 0x01, 0x00, 0x00, 0x10, 0x1C, 0x04, 0x44, 0x77, 0x47, 0x47, 0x44, 0x47, 0x74,
    0x47, 0x52, 0x21, 0x08, 0x1D, 0x61, 0x74, 0x5D, 0x47, 0x46, 0xD1, 0xE4, 0x44, 0x84, 0x21, 0x04,
    0x84, 0x04, 0x10, 0x10, 0x44, 0xC0, 0x41, 0x03, 0x10, 0x4C, 0x01, 0x13, 0x00, 0x10, 0x04, 0x10,
    0xC0, 0x04, 0x00, 0x00, 0x00, 0x04, 0x00, 0x00, 0x00, 0x10, 0x00, 0x10, 0x41, 0x00, 0x00, 0x00,
    0x00, 0x00, 0x00, 0x04, 0x11, 0x11, 0x11, 0x12, 0x11, 0x23, 0x11, 0x11, 0xD9, 0x11, 0x13, 0x21,
    0x04, 0x77, 0x45, 0xD9, 0xD4, 0x6D, 0x1B, 0x44, 0x8B, 0x4E, 0x10, 0xC0, 0x03, 0x33, 0x01, 0x0C,
    0x00, 0x44, 0x30, 0xC4, 0x04, 0x04, 0x40, 0x03, 0x01, 0x00, 0x40, 0x00, 0x00, 0x00, 0x00, 0x00,
    0x30, 0x00, 0xC0, 0x41, 0x04, 0x00, 0x00, 0x00, 0x00, 0x00, 0xC0, 0x00, 0x00, 0x30, 0x00, 0x00,
    0x34, 0x44, 0xD1, 0x24, 0x74, 0x41, 0x2D, 0xC4, 0x74, 0x73, 0x34, 0x00, 0xE6, 0x46, 0x6D, 0x91,
    0x46, 0x44, 0x74, 0x4B, 0x44, 0x21, 0x0D, 0x13, 0x41, 0x04, 0x40, 0xC1, 0x10, 0x00, 0xC4, 0x43,
    0x30, 0x40, 0x11, 0x13, 0x00, 0x00, 0x00, 0x00, 0x00, 0x40, 0x03, 0x04, 0x01, 0x00, 0x04, 0x00,
    0x00, 0x00, 0x00, 0x00, 0x00, 0x04, 0x01, 0x00, 0x0C, 0x00, 0x00, 0x00, 0x04, 0x74, 0x4D, 0x13,
    0x12, 0x30, 0xC4, 0x49, 0x91, 0xD1, 0x20, 0xF4, 0x04, 0x64, 0x44, 0x47, 0x64, 0x66, 0x12, 0x91,
    0x21, 0x30, 0x8C, 0x00, 0x30, 0x40, 0x31, 0x10, 0x0C, 0x4C, 0x40, 0x04, 0x44, 0x31, 0x00, 0x0C,
    0x00, 0x30, 0x0C, 0x30, 0x40, 0x00, 0x30, 0x00, 0x10, 0x04, 0x00, 0x00, 0x00, 0x00, 0x10, 0x10,
    0xC1, 0x00, 0x00, 0x0C, 0x00, 0x00, 0x10, 0xC1, 0x04, 0x44, 0x11, 0x34, 0x48, 0x44, 0x4D, 0x1D,
    0x19, 0x10, 0xC4, 0x03, 0x11, 0x11, 0xD6, 0x67, 0x46, 0xD1, 0xE4, 0x48, 0x4F, 0x84, 0xD1, 0x21,
    0x04, 0x04, 0x10, 0x0C, 0x41, 0x04, 0x04, 0xC0, 0x03, 0x10, 0xC4, 0x84, 0x30, 0x01, 0x00, 0x00,
    0x00, 0x00, 0x00, 0x40, 0x00, 0x00, 0x00, 0x41, 0x0C, 0x0C, 0x00, 0x00, 0x00, 0x00, 0x40, 0x00,
    0x10, 0x00, 0x00, 0x00, 0x01, 0x11, 0x10, 0x42, 0x11, 0x12, 0x12, 0x11, 0x91, 0x21, 0x11, 0x08,
    0x31, 0xDD, 0x11, 0x11, 0x91, 0x1D, 0x11, 0x11, 0x2C, 0x42, 0x00, 0x00, 0x40, 0x43, 0x0C, 0x41,
    0x0C, 0x03, 0x00, 0x4C, 0x4C, 0x0C, 0x43, 0x03, 0x01, 0x00, 0x01, 0x00, 0x00, 0x0C, 0x04, 0x03,
    0x03, 0x03, 0x10, 0x00, 0x00, 0x00, 0x00, 0x01, 0x00, 0x30, 0x00, 0x01, 0x00, 0x00, 0x00, 0x10,
    0x0C, 0x47, 0x44, 0xD1, 0x37, 0x74, 0x48, 0x77, 0x47, 0xD0, 0xC4, 0x81, 0x12, 0x11, 0xB7, 0x77,
    0x1D, 0xD2, 0x47, 0x8F, 0xD1, 0x3C, 0x44, 0x44, 0x04, 0x31, 0x10, 0x10, 0x13, 0x41, 0x10, 0x04,
    0x04, 0x44, 0x31, 0x13, 0x00, 0x04, 0x10, 0x04, 0x04, 0x00, 0x40, 0x00, 0x10, 0x10, 0x00, 0x00,
    0x01, 0x01, 0x0C, 0x40, 0x04, 0x00, 0x03, 0x00, 0x00, 0x04, 0x04, 0x00, 0x01, 0x11, 0x13, 0x10,
    0xC4, 0x44, 0xB4, 0x44, 0x6D, 0x04, 0x89, 0x30, 0xC4, 0x74, 0x44, 0x76, 0x47, 0x47, 0x78, 0x74,
    0x23, 0x11, 0x30, 0x03, 0x30, 0xC0, 0x0D, 0x03, 0x00, 0x30, 0x0C, 0x40, 0x40, 0x03, 0x10, 0x03,
    0x00, 0x40, 0x00, 0x00, 0x00, 0x00, 0x00, 0xC4, 0x00, 0x00, 0x00, 0xC3, 0x00, 0x00, 0x00, 0x00,
    0x00, 0x04, 0x00, 0x00, 0x00, 0x00, 0x00, 0x00, 0xC0, 0x31, 0x11, 0x21, 0x11, 0x91, 0x11, 0xDD,
    0xD1, 0xD3, 0x05, 0x04, 0x21, 0x2D, 0xD9, 0x11, 0x1E, 0x18, 0x44, 0xC8, 0x44, 0x8C, 0x84, 0x8C,
    0x4C, 0x44, 0x40, 0x10, 0x44, 0x44, 0xC4, 0x04, 0x31, 0x11, 0x01, 0x13, 0x30, 0x00, 0x00, 0x00,
    0x00, 0x10, 0x00, 0x00, 0x00, 0x00, 0x40, 0x00, 0x10, 0x00, 0x04, 0x0C, 0x00, 0x40, 0x10, 0x10,
    0x01, 0x00, 0x00, 0x00, 0x01, 0x10, 0x44, 0x44, 0x44, 0x47, 0x44, 0x84, 0x44, 0x41, 0x00, 0x43,
    0x11, 0xD1, 0x11, 0xE4, 0x64, 0x74, 0x48, 0x44, 0x8C, 0x44, 0x30, 0x10, 0x04, 0x00, 0x31, 0x0C,
    0x00, 0x00, 0x40, 0x43, 0x10, 0x00, 0xC4, 0x0C, 0x00, 0x0C, 0x10, 0xC1, 0x03, 0x00, 0x10, 0x40,
    0x10, 0x40, 0x00, 0x40, 0x00, 0x10, 0x40, 0x00, 0x40, 0x00, 0x00, 0x00, 0x00, 0x03, 0x00, 0xC0,
    0x00, 0x04, 0x44, 0x44, 0xD2, 0x10, 0xC4, 0x48, 0x64, 0x88, 0x84, 0x0C, 0x04, 0xC7, 0x74, 0x47,
    0x87, 0x47, 0x84, 0x8D, 0x11, 0x31, 0x13, 0x0D, 0x01, 0x11, 0x04, 0x31, 0x11, 0x30, 0x04, 0x0C,
    0x0D, 0x21, 0x03, 0x13, 0x04, 0x00, 0x00, 0x00, 0x00, 0x00, 0x00, 0x03, 0x00, 0x00, 0x0C, 0x01,
    0x00, 0x00, 0x00, 0x40, 0x00, 0x0C, 0x00, 0x00, 0x30, 0x00, 0x04, 0x01, 0x00, 0x40, 0x13, 0x44,
    0x44, 0x44, 0x4C, 0xC4, 0x4D, 0x13, 0x00, 0xC4, 0x4D, 0x11, 0x11, 0xB4, 0x51, 0x11, 0x13, 0x4C,
    0xC8, 0xD0, 0x81, 0x00, 0x40, 0x00, 0xC3, 0x10, 0x00, 0x11, 0x03, 0x11, 0x10, 0x04, 0x11, 0x03,
    0x00, 0x10, 0x00, 0x00, 0x00, 0x04, 0x00, 0x00, 0x00, 0x0C, 0x00, 0x00, 0x03, 0x00, 0x0C, 0x00,
    0x04, 0x00, 0x00, 0x03, 0x00, 0x10, 0x00, 0x00, 0x00, 0x0D, 0x04, 0x11, 0x11, 0x11, 0x11, 0x13,
    0x11, 0x34, 0x44, 0xC0, 0x21, 0x1E, 0x4B, 0x47, 0x47, 0x48, 0x48, 0x11, 0x11, 0x04, 0x10, 0x10,
    0x11, 0x34, 0x10, 0x41, 0x13, 0x00, 0xC4, 0x00, 0x01, 0x03, 0x00, 0xC4, 0x00, 0x00, 0x41, 0x04,
    0x31, 0x00, 0x31, 0x04, 0x04, 0x00, 0x40, 0x10, 0x00, 0x04, 0x00, 0x04, 0x00, 0x10, 0x10, 0xC0,
    0x01, 0x00, 0x00, 0x10, 0x00, 0x00, 0x41, 0x31, 0x31, 0x34, 0x84, 0x31, 0x21, 0x11, 0x13, 0x12,
    0x13, 0x21, 0x1D, 0x11, 0x2C, 0x74, 0xF1, 0x32, 0x23, 0x48, 0xC3, 0x04, 0x00, 0xC1, 0x04, 0x0C,
    0x0C, 0x44, 0x10, 0x84, 0xD0, 0xD0, 0x44, 0x43, 0x0C, 0x00, 0x00, 0x00, 0x00, 0x00, 0x00, 0x00,
    0x00, 0x10, 0x01, 0x00, 0x10, 0x40, 0x10, 0x40, 0x03, 0x00, 0x00, 0x00, 0x10, 0x00, 0x40, 0x00,
    0x30, 0x00, 0x10, 0x44, 0x44, 0x4D, 0x12, 0x48, 0xC4, 0xC8, 0x4D, 0x04, 0x34, 0x44, 0x84, 0xE1,
    0xD1, 0x21, 0x13, 0x44, 0x44, 0xD1, 0x31, 0x01, 0x34, 0x10, 0x03, 0x13, 0x10, 0x03, 0x03, 0x00,
    0x01, 0x0C, 0x00, 0x33, 0x00, 0x40, 0x00, 0x00, 0x00, 0x0C, 0x10, 0x00, 0x40, 0x00, 0x00, 0x00,
    0x00, 0x00, 0x00, 0x00, 0x40, 0x00, 0x00, 0x04, 0x00, 0x0C, 0x00, 0x00, 0x00, 0x31, 0x0C, 0x10,
    0x03, 0x10, 0x44, 0x31, 0x03, 0x13, 0x30, 0x41, 0x01, 0x31, 0x11, 0x13, 0x11, 0x13, 0x21, 0x32,
    0x31, 0x0C, 0x10, 0xD0, 0x03, 0x0C, 0x44, 0x01, 0x0D, 0x10, 0x4C, 0x44, 0x40, 0xC4, 0x44, 0x44,
    0x04, 0x01, 0x0C, 0x03, 0x04, 0x00, 0x00, 0xC4, 0x00, 0x00, 0xC0, 0x0C, 0x00, 0x0C, 0x00, 0x0C,
    0x00, 0x43, 0x00, 0x00, 0x00, 0x00, 0x03, 0x0C, 0x10, 0x00, 0x04, 0x41, 0x11, 0x04, 0xC1, 0x10,
    0xD0, 0x41, 0x11, 0x23, 0x4C, 0x44, 0xCC, 0xC4, 0x48, 0xC4, 0x44, 0xD1, 0x13, 0x44, 0x01, 0x01,
    0x11, 0x10, 0x03, 0x40, 0xC0, 0x0C, 0x04, 0x00, 0x34, 0x10, 0x00, 0x03, 0x00, 0x00, 0x00, 0x10,
    0x00, 0x10, 0x0C, 0x00, 0x0C, 0x10, 0x01, 0x00, 0x40, 0x40, 0x41, 0x00, 0x04, 0x00, 0x01, 0x00,
    0x03, 0x00, 0x30, 0x00, 0x00, 0x00, 0x01, 0x30, 0xC4, 0x8D, 0x13, 0x0C, 0x08, 0x30, 0x00, 0x84,
    0x21, 0x31, 0x11, 0x13, 0x11, 0x13, 0x31, 0x08, 0x34, 0x02, 0x10, 0x10, 0x00, 0x0D, 0x10, 0x34,
    0x44, 0x41, 0x00, 0x4D, 0x01, 0x01, 0x11, 0x23, 0x00, 0x30, 0x01, 0x00, 0x00, 0x00, 0x40, 0x00,
    0xC0, 0x00, 0x10, 0x00, 0x00, 0x00, 0x00, 0x01, 0x00, 0x00, 0x00, 0x00, 0x30, 0x04, 0x00, 0x10,
    0x03, 0x00, 0x00, 0x11, 0x13, 0x44, 0xC4, 0x44, 0x41, 0x04, 0x84, 0x13, 0x10, 0x10, 0xC3, 0x08,
    0x43, 0x08, 0x44, 0x84, 0x42, 0x10, 0x01, 0x03, 0x13, 0x40, 0x0C, 0x40, 0x00, 0x30, 0x4C, 0x00,
    0x10, 0x10, 0x0C, 0x13, 0x0C, 0x00, 0x40, 0x00, 0x10, 0x00, 0x01, 0x04, 0x04, 0x01, 0x00, 0x04,
    0x0C, 0x00, 0x00, 0x10, 0x00, 0xC1, 0x00, 0x01, 0x00, 0x40, 0x01, 0x00, 0x10, 0x04, 0x00, 0x00,
    0x4D, 0x11, 0x12, 0x11, 0x13, 0x41, 0x31, 0x01, 0x0C, 0x01, 0x11, 0x10, 0xC4, 0x44, 0x10, 0x43,
    0x10, 0x41, 0x30, 0xC4, 0x04, 0x04, 0x41, 0x04, 0xD1, 0x04, 0x04, 0x44, 0x0C, 0xCC, 0x41, 0x03,
    0x00, 0x40, 0x00, 0x00, 0x00, 0xC0, 0x00, 0x00, 0x00, 0x10, 0x00, 0x40, 0x00, 0x10, 0x41, 0x00,
    0x30, 0x00, 0x00, 0x00, 0x00, 0x00, 0x00, 0x00, 0x00, 0x00, 0x03, 0x0C, 0x10, 0x43, 0x44, 0x4C,
    0x84, 0x13, 0x10, 0xF0, 0x44, 0x40, 0x30, 0x04, 0x43, 0x01, 0x0C, 0x31, 0x0C, 0x0C, 0x13, 0x13,
    0x10, 0xC0, 0x30, 0x30, 0x00, 0xC0, 0x40, 0x03, 0x44, 0x10, 0x20, 0xC4, 0x04, 0x00, 0x00, 0x0C,
    0x00, 0x04, 0x10, 0x00, 0x40, 0x00, 0x0C, 0x00, 0x10, 0x00, 0x00, 0x03, 0x01, 0x00, 0x00, 0xC0,
    0x00, 0x00, 0xC0, 0x03, 0x00, 0x00, 0x30, 0x00, 0x04, 0x11, 0x21, 0x34, 0x41, 0x08, 0x48, 0x44,
    0xC4, 0xC8, 0x44, 0x43, 0x11, 0x10, 0xC4, 0x10, 0x31, 0x31, 0x01, 0x01, 0x03, 0x11, 0x04, 0x4D,
    0x10, 0x44, 0x0C, 0x40, 0x01, 0x0D, 0x04, 0x10, 0x00, 0x04, 0x03, 0x00, 0x10, 0x00, 0x00, 0xC4,
    0x03, 0x00, 0xC0, 0x01, 0x00, 0x00, 0x00, 0x30, 0x10, 0x00, 0x0C, 0x00, 0x10, 0x0C, 0x00, 0x30,
    0x03, 0x00, 0x00, 0x00, 0x00, 0xC0, 0x44, 0xC1, 0x10, 0x84, 0x11, 0x11, 0x11, 0x10, 0x02, 0x34,
    0x10, 0x44, 0x43, 0x01, 0x04, 0x10, 0x10, 0x10, 0x31, 0x00, 0xC0, 0x00, 0x0C, 0x00, 0xC4, 0x31,
    0x10, 0x10, 0x31, 0x0C, 0x00, 0x00, 0x30, 0x01, 0x00, 0x40, 0x00, 0x00, 0x00, 0x04, 0x01, 0x00,
    0x03, 0x04, 0x31, 0x01, 0x00, 0x04, 0x00, 0x04, 0x00, 0xC0, 0x04, 0x00, 0x10, 0x0C, 0x00, 0x04,
    0x00, 0x10, 0x03, 0x40, 0xC4, 0x4D, 0x34, 0x41, 0x16, 0x44, 0x20, 0x41, 0x04, 0x33, 0x0C, 0x40,
    0xC0, 0x01, 0x01, 0x03, 0x10, 0xC4, 0x11, 0x11, 0x11, 0x13, 0x00, 0xC4, 0x0C, 0xC1, 0x00, 0xC4,
    0x0C, 0x00, 0x00, 0x10, 0x00, 0x03, 0x04, 0x00, 0xC1, 0x00, 0x10, 0x00, 0x00, 0x00, 0x00, 0x00,
    0x00, 0xC0, 0x00, 0x00, 0x00, 0x00, 0x40, 0x01, 0x00, 0x00, 0x04, 0x00, 0x00, 0x03, 0x30, 0x04,
    0x47, 0x54, 0x45, 0xD3, 0x44, 0x53, 0x04, 0x30, 0x42, 0x11, 0x10, 0x11, 0x11, 0x30, 0xCC, 0x31,
    0x0C, 0x41, 0x00, 0x00, 0x00, 0x01, 0x10, 0x40, 0xC4, 0x10, 0xD1, 0x03, 0x00, 0x40, 0x01, 0x00,
    0x00, 0x00, 0x00, 0x10, 0x00, 0x00, 0x00, 0x30, 0x40, 0x40, 0x00, 0x10, 0x0C, 0x00, 0x01, 0x00,
    0x00, 0x00, 0x00, 0x00, 0x00, 0x01, 0x00, 0x00, 0x00, 0xC4, 0x00, 0x0D, 0x11, 0x35, 0x75, 0x51,
    0x11, 0x14, 0x40, 0x44, 0x31, 0x00, 0x0D, 0x00, 0x00, 0x10, 0x41, 0x10, 0x10, 0x30, 0x12, 0x13,
    0x12, 0x10, 0x0C, 0x04, 0x41, 0x0C, 0x00, 0x43, 0x00, 0x01, 0x00, 0x00, 0x04, 0x30, 0x40, 0x00,
    0x40, 0x04, 0x00, 0x00, 0x00, 0x03, 0x10, 0x00, 0xC0, 0x00, 0xC0, 0x00, 0x30, 0x40, 0x00, 0x30,
    0x00, 0xC0, 0x00, 0x00, 0xD1, 0x17, 0x47, 0x41, 0x1D, 0x11, 0x11, 0x14, 0x59, 0x35, 0x10, 0x00,
    0xC0, 0xC4, 0x40, 0x21, 0x31, 0x0C, 0x10, 0x01, 0x0D, 0x04, 0x00, 0x01, 0x00, 0x0C, 0x41, 0x00,
    0x30, 0xC4, 0x44, 0x34, 0x30, 0x00, 0x00, 0x00, 0xC0, 0x00, 0x03, 0x00, 0x01, 0x00, 0x04, 0x10,
    0x0C, 0x00, 0x00, 0xC0, 0x04, 0x10, 0x00, 0x00, 0x00, 0x00, 0x03, 0x00, 0x0C, 0x00, 0x00, 0xC5,
    0x14, 0x51, 0x10, 0x84, 0x91, 0x84, 0x45, 0x5D, 0xD1, 0x11, 0xCC, 0x4C, 0x44, 0x40, 0x31, 0x00,
    0x10, 0xC4, 0x0C, 0x40, 0xC0, 0x43, 0x44, 0x4C, 0xC4, 0x40, 0x30, 0xD3, 0x10, 0x40, 0x03, 0x03,
    0x01, 0x00, 0x00, 0x30, 0x00, 0x10, 0x00, 0x10, 0x00, 0x00, 0xC0, 0x00, 0xC0, 0x10, 0x00, 0x04,
    0x00, 0x00, 0x00, 0x0C, 0x00, 0x00, 0xC0, 0x00, 0x40, 0x00, 0x0C, 0x45, 0x11, 0xD4, 0x44, 0x41,
    0x1D, 0x1D, 0x1D, 0x11, 0x11, 0xCC, 0x44, 0x04, 0x00, 0x04, 0xC4, 0x11, 0x01, 0x01, 0x04, 0x31,
    0x10, 0x30, 0x00, 0x31, 0x00, 0x11, 0x04, 0x01, 0x08, 0x31, 0x10, 0x44, 0x00, 0x03, 0x04, 0x00,
    0x04, 0x00, 0x41, 0x00, 0xC0, 0x04, 0x00, 0x00, 0x01, 0x00, 0x41, 0x00, 0x00, 0x00, 0x01, 0x00,
    0x04, 0x00, 0x00, 0x04, 0x00, 0x13, 0x11, 0x44, 0xC5, 0x45, 0x21, 0x33, 0x44, 0x44, 0x74, 0x75,
    0x17, 0x51, 0x00, 0x40, 0x4C, 0x40, 0x40, 0xC0, 0xCC, 0x10, 0xC0, 0x40, 0x0C, 0x44, 0x4D, 0x04,
    0x11, 0x00, 0xC0, 0x40, 0xC1, 0x10, 0x08, 0x03, 0x00, 0x10, 0x00, 0x04, 0x00, 0x00, 0x00, 0x00,
    0x04, 0x00, 0x04, 0x30, 0x40, 0x00, 0x00, 0x00, 0x43, 0x01, 0x00, 0x00, 0x00, 0x0C, 0x01, 0x00,
    0x03, 0x04, 0x44, 0x4D, 0x51, 0x12, 0x44, 0x44, 0x10, 0x01, 0x04, 0x48, 0x74, 0x44, 0xC4, 0x33,
    0x04, 0x33, 0x04, 0x13, 0x11, 0x0C, 0x44, 0x31, 0x10, 0x00, 0x00, 0x40, 0xC0, 0xC4, 0x10, 0x34,
    0x10, 0x0C, 0x41, 0x13, 0x0C, 0x00, 0x00, 0x00, 0x00, 0x30, 0x00, 0x30, 0x40, 0x00, 0xC0, 0x00,
    0x00, 0x0C, 0x00, 0x30, 0x00, 0x00, 0x00, 0x00, 0x40, 0x00, 0x10, 0x00, 0x31, 0x11, 0x51, 0x11,
    0x17, 0x44, 0x51, 0x10, 0x05, 0x70, 0xC0, 0x04, 0x01, 0x00, 0x43, 0x04, 0x40, 0x41, 0x01, 0x01,
    0x00, 0xC4, 0x03, 0x10, 0x0D, 0x13, 0x44, 0x0C, 0x44, 0x03, 0x0C, 0x43, 0x04, 0x41, 0x0C, 0x03,
    0x00, 0x00, 0x43, 0x00, 0x43, 0x01, 0x0C, 0x00, 0x00, 0xC0, 0x00, 0x10, 0x03, 0x00, 0x10, 0x00,
    0x01, 0x00, 0x00, 0x0C, 0x00, 0x00, 0x00, 0x03, 0x11, 0x14, 0x4C, 0x44, 0x41, 0x13, 0x47, 0x47,
    0x48, 0x51, 0x12, 0x01, 0x10, 0xC4, 0x0C, 0x40, 0x33, 0x30, 0x40, 0xC0, 0xC4, 0x00, 0x41, 0x01,
    0x00, 0x00, 0x00, 0xC4, 0x03, 0x44, 0x10, 0x04, 0x40, 0x30, 0xC4, 0x44, 0x01, 0x00, 0x00, 0x04,
    0x00, 0x10, 0x00, 0x40, 0x00, 0x04, 0x04, 0x00, 0x30, 0x04, 0x00, 0x41, 0x00, 0x00, 0x0C, 0x00,
    0x00, 0x04, 0x00, 0x31, 0x11, 0x44, 0x44, 0x34, 0x74, 0x4C, 0x54, 0x51, 0xD4, 0xD1, 0x00, 0x4C,
    0x0C, 0x43, 0x10, 0x31, 0x04, 0x10, 0x31, 0x10, 0x43, 0x44, 0x44, 0xCC, 0xD1, 0x34, 0x4C, 0x40,
    0x4C, 0x03, 0x0D, 0x00, 0x31, 0x04, 0x40, 0x03, 0x00, 0x04, 0x00, 0x40, 0x01, 0x00, 0x04, 0x01,
    0x04, 0x00, 0x00, 0x00, 0x00, 0x40, 0x00, 0x00, 0x00, 0x04, 0x00, 0x00, 0x00, 0xC0, 0x01, 0x11,
    0x14, 0x44, 0x11, 0x11, 0x11, 0x55, 0x11, 0xD1, 0x1D, 0x13, 0x44, 0x13, 0x10, 0x31, 0x0D, 0x10,
    0xC3, 0x04, 0xC4, 0x04, 0x44, 0x45, 0xD7, 0x41, 0x00, 0x00, 0x04, 0x04, 0x04, 0x41, 0x00, 0x12,
    0x10, 0xC0, 0x31, 0x33, 0x00, 0x00, 0x04, 0x00, 0x30, 0x00, 0x40, 0x00, 0x00, 0x00, 0x00, 0x04,
    0x04, 0x00, 0x30, 0x00, 0x10, 0xC0, 0x00, 0x10, 0x0C, 0x00, 0x00, 0x11, 0x44, 0x4D, 0x00, 0x4D,
    0x44, 0x75, 0x05, 0x13, 0x11, 0x14, 0x61, 0xC4, 0xCD, 0x00, 0xC0, 0x03, 0x10, 0x41, 0x11, 0x91,
    0x1D, 0x11, 0x45, 0x10, 0x21, 0x11, 0x03, 0x10, 0xC0, 0x30, 0x44, 0x01, 0x0C, 0x44, 0x40, 0x44,
    0x0C, 0x00, 0x00, 0x00, 0x00, 0x0C, 0x00, 0x30, 0x00, 0x41, 0x0C, 0x00, 0x00, 0x03, 0x00, 0x43,
    0x00, 0x00, 0x01, 0x00, 0x00, 0x00, 0xC7, 0x44, 0x44, 0xD0, 0xC0, 0x11, 0x19, 0x51, 0x41, 0xD1,
    0x15, 0x44, 0x10, 0x00, 0x00, 0x11, 0x11, 0xD1, 0x24, 0x64, 0x47, 0x47, 0x44, 0x64, 0x51, 0x02,
    0x00, 0x00, 0xC4, 0x0C, 0x44, 0x10, 0x03, 0x10, 0x10, 0x00, 0x10, 0x03, 0x00, 0x40, 0x40, 0x0C,
    0x10, 0x00, 0x03, 0x00, 0x40, 0x00, 0x00, 0x40, 0x00, 0x00, 0x04, 0x00, 0x00, 0x00, 0x30, 0x00,
    0x00, 0x00, 0x44, 0x44, 0x44, 0x44, 0x44, 0x87, 0x44, 0x45, 0x70, 0x51, 0x51, 0x92, 0x0C, 0x00,
    0xC4, 0x84, 0x84, 0x46, 0x47, 0x45, 0xD1, 0x74, 0x74, 0x47, 0x13, 0x10, 0x44, 0x4C, 0x43, 0x40,
    0x03, 0x04, 0xC4, 0x0C, 0xCD, 0x11, 0x0D, 0x13, 0x00, 0x00, 0x00, 0xC0, 0x00, 0x40, 0x40, 0x04,
    0x00, 0x00, 0x04, 0x00, 0x43, 0x04, 0x00, 0x00, 0x04, 0x0C, 0x00, 0x00, 0xC0, 0x10, 0x4D, 0x1D,
    0x11, 0x31, 0x11, 0x14, 0x51, 0x56, 0x44, 0x17, 0x64, 0x41, 0x10, 0xCC, 0x48, 0x77, 0x5D, 0x9D,
    0x11, 0x1D, 0x18, 0x44, 0x46, 0x11, 0x04, 0x0C, 0x00, 0x04, 0x04, 0x04, 0x44, 0x40, 0x40, 0x41,
    0x00, 0x00, 0xC0, 0x03, 0x00, 0x00, 0x00, 0x01, 0x00, 0x00, 0x00, 0x40, 0x0C, 0x10, 0xC0, 0x00,
    0x00, 0x00, 0x00, 0x31, 0x00, 0x00, 0x00, 0x00, 0x00, 0x0D, 0x11, 0x11, 0x13, 0x44, 0x48, 0x74,
    0x47, 0x45, 0x15, 0x04, 0x47, 0x13, 0x0C, 0x04, 0x85, 0x11, 0x18, 0x45, 0xD7, 0x51, 0x45, 0x17,
    0x41, 0x00, 0xC3, 0x13, 0x4C, 0x40, 0x40, 0x80, 0x00, 0x0C, 0x0C, 0x30, 0x44, 0x44, 0x11, 0x13,
    0x0C, 0x10, 0x10, 0x10, 0x00, 0x00, 0x00, 0x00, 0x00, 0x00, 0x00, 0x30, 0x00, 0x00, 0x10, 0x00,
    0x00, 0x00, 0x00, 0x0C, 0x00, 0x41, 0x11, 0x11, 0x11, 0x11, 0x11, 0x11, 0x91, 0x57, 0x5D, 0x1D,
    0x51, 0x34, 0x40, 0x01, 0x11, 0xD6, 0x45, 0x51, 0x44, 0x77, 0x51, 0xD1, 0x30, 0xC4, 0x44, 0x41,
    0x04, 0x34, 0x08, 0x11, 0x34, 0xC4, 0xC4, 0x10, 0x00, 0x03, 0x00, 0x03, 0x00, 0x00, 0x00, 0x00,
    0x0C, 0x10, 0xC0, 0x03, 0x04, 0x00, 0x04, 0x00, 0x41, 0x0C, 0x00, 0x00, 0x00, 0xC1, 0x01, 0x00,
    0x00, 0x10, 0x44, 0x44, 0x44, 0x44, 0x84, 0x54, 0x47, 0x45, 0x11, 0x34, 0x44, 0x44, 0x30, 0x47,
    0x77, 0x44, 0x5D, 0x19, 0x19, 0xD4, 0x64, 0xC3, 0x11, 0x44, 0x76, 0x74, 0x74, 0x44, 0x41, 0x00,
    0x00, 0x40, 0x40, 0x41, 0x11, 0x10, 0x44, 0x44, 0x00, 0x00, 0x00, 0x00, 0x00, 0x00, 0x04, 0x30,
    0x00, 0x04, 0x00, 0x04, 0x00, 0x00, 0x00, 0x40, 0x30, 0x00, 0x00, 0x00, 0x04, 0x44, 0x44, 0x74,
    0x44, 0xD1, 0x11, 0x11, 0xD4, 0x59, 0x1C, 0x45, 0xD0, 0xD1, 0x00, 0x21, 0x14, 0x5D, 0xD1, 0x91,
    0xD1, 0x45, 0xD5, 0x44, 0x47, 0x77, 0x44, 0x51, 0x11, 0x57, 0x10, 0x13, 0x44, 0x04, 0x04, 0x0C,
    0x00, 0x0C, 0x00, 0x03, 0x01, 0x03, 0x0C, 0x0C, 0x10, 0x00, 0x00, 0x00, 0x40, 0x00, 0x00, 0x00,
    0x00, 0x01, 0x00, 0x03, 0x00, 0x00, 0x00, 0x00, 0x01, 0x31, 0x11, 0x11, 0x11, 0x11, 0x11, 0xD1,
    0x11, 0x94, 0x50, 0xD1, 0x44, 0x44, 0x43, 0x11, 0x45, 0xD1, 0x77, 0x47, 0x47, 0x74, 0x74, 0x6D,
    0x19, 0x44, 0x65, 0x1D, 0xD4, 0x75, 0x0C, 0xC0, 0x00, 0x40, 0xC0, 0xC4, 0x44, 0x84, 0x44, 0x84,
    0x00, 0x00, 0x00, 0x40, 0x00, 0x10, 0x40, 0x04, 0x00, 0x40, 0x10, 0xC0, 0x0C, 0x10, 0x0C, 0x00,
    0x00, 0x00, 0x00, 0x00, 0x44, 0x44, 0x47, 0x44, 0x4C, 0x44, 0x44, 0x46, 0x45, 0x17, 0x47, 0x46,
    0x44, 0xC7, 0x00, 0xD1, 0xDD, 0x14, 0x44, 0x5D, 0x1D, 0x19, 0x45, 0xD4, 0x74, 0x51, 0x11, 0x44,
    0x47, 0x51, 0x41, 0x34, 0x44, 0x0C, 0x4C, 0x40, 0x03, 0x00, 0x03, 0x03, 0x00, 0x00, 0x10, 0x00,
    0x00, 0x00, 0x00, 0x40, 0x00, 0x00, 0x00, 0x00, 0x40, 0x00, 0x00, 0x00, 0x01, 0x00, 0x00, 0x04,
    0x13, 0x11, 0x11, 0x11, 0x11, 0x11, 0x1D, 0x11, 0x1D, 0x44, 0x51, 0x14, 0x71, 0x11, 0x00, 0x1D,
    0x91, 0xB6, 0x75, 0x11, 0xD1, 0x44, 0x5D, 0x47, 0x45, 0x19, 0xD4, 0x51, 0x11, 0x11, 0x0C, 0x00,
    0x03, 0x10, 0x04, 0x08, 0x4C, 0x44, 0x44, 0x44, 0x00, 0x10, 0x00, 0x00, 0x04, 0x00, 0x00, 0x00,
    0x30, 0x0C, 0x00, 0x10, 0x00, 0x00, 0x00, 0x10, 0x10, 0x00, 0x00, 0xC0, 0x44, 0x44, 0x44, 0x44,
    0x44, 0x44, 0x44, 0x64, 0x44, 0x54, 0x45, 0x45, 0xD1, 0x12, 0x0C, 0x84, 0x47, 0x51, 0x11, 0xDD,
    0x18, 0x75, 0x18, 0x51, 0x91, 0x51, 0x04, 0xF4, 0x0C, 0x40, 0xC4, 0x44, 0xC4, 0x0C, 0x40, 0x80,
    0x34, 0x00, 0x00, 0x03, 0x0C, 0x00, 0x00, 0x01, 0x00, 0x00, 0x30, 0x00, 0x00, 0x40, 0x10, 0x00,
    0x03, 0x03, 0x04, 0x00, 0x00, 0x00, 0xC0, 0x01, 0x31, 0x11, 0x11, 0x11, 0x12, 0x46, 0x11, 0x11,
    0x11, 0x77, 0x44, 0x51, 0x12, 0x11, 0x00, 0x45, 0xD5, 0x1D, 0x77, 0x47, 0x45, 0x11, 0x95, 0x14,
    0x47, 0xD3, 0x41, 0x00, 0x80, 0x34, 0x00, 0x00, 0x43, 0x10, 0x08, 0x11, 0x03, 0x44, 0x44, 0xD3,
    0x00, 0x00, 0x00, 0xC0, 0x00, 0x30, 0x00, 0x30, 0x40, 0x00, 0x00, 0x00, 0x30, 0x10, 0x00, 0x00,
    0x00, 0x00, 0x00, 0x04, 0x44, 0x4C, 0x47, 0x49, 0x10, 0x71, 0x11, 0x11, 0x1E, 0x14, 0x46, 0x1D,
    0x41, 0x33, 0x00, 0x11, 0x11, 0x91, 0x11, 0x19, 0x11, 0xDD, 0x11, 0x75, 0x10, 0x0C, 0x30, 0xC4,
    0x11, 0x00, 0x44, 0x44, 0x04, 0x04, 0xC1, 0x00, 0x44, 0x00, 0x03, 0x03, 0x00, 0x04, 0x30, 0x00,
    0x00, 0x01, 0x01, 0x00, 0x00, 0x01, 0x00, 0x43, 0x00, 0x00, 0x00, 0x00, 0x00, 0x00, 0x00, 0x01,
    0x13, 0x11, 0x11, 0x11, 0x1D, 0x14, 0x44, 0x44, 0x44, 0x55, 0x11, 0x44, 0x70, 0x44, 0x30, 0xF7,
    0x67, 0x45, 0x97, 0x74, 0x77, 0x47, 0x77, 0x67, 0x49, 0x11, 0x11, 0x13, 0x10, 0x44, 0xC4, 0x10,
    0x43, 0x40, 0x40, 0x10, 0x00, 0x4D, 0x10, 0x44, 0x01, 0x00, 0x00, 0x00, 0x03, 0x00, 0x00, 0x00,
    0x01, 0x00, 0x00, 0x00, 0x04, 0x00, 0x00, 0x00, 0x00, 0x00, 0x00, 0x44, 0xC4, 0x44, 0x74, 0x84,
    0x44, 0x44, 0x44, 0xB4, 0x84, 0x44, 0x5C, 0x44, 0x44, 0x31, 0x00, 0x49, 0x1D, 0x5D, 0x11, 0x11,
    0x44, 0x74, 0x45, 0x14, 0x51, 0xD9, 0x76, 0x45, 0x45, 0xD1, 0x51, 0x44, 0x30, 0x0C, 0x04, 0x0D,
    0x13, 0x00, 0x0C, 0x03, 0x00, 0x00, 0x01, 0x01, 0x00, 0x00, 0x00, 0x01, 0x00, 0x00, 0x04, 0x00,
    0x00, 0x03, 0x04, 0x0C, 0x00, 0x00, 0x00, 0x04, 0x44, 0x44, 0x44, 0x44, 0x48, 0x44, 0x49, 0x11,
    0x11, 0x11, 0x44, 0x74, 0x4C, 0x44, 0x00, 0x21, 0xD4, 0x47, 0x76, 0x77, 0x77, 0x46, 0x51, 0x45,
    0xDD, 0x11, 0x11, 0x1D, 0x1D, 0x14, 0x45, 0xDD, 0x04, 0x41, 0x03, 0x40, 0x01, 0x11, 0x31, 0x13,
    0x00, 0x00, 0x00, 0x00, 0x00, 0x10, 0x04, 0x00, 0x00, 0x0C, 0x00, 0x04, 0x00, 0x30, 0x00, 0x00,
    0x0C, 0x0C, 0x00, 0x4D, 0x11, 0x11, 0x11, 0x13, 0x51, 0x11, 0x11, 0x11, 0x12, 0x34, 0x51, 0x11,
    0x10, 0x02, 0x03, 0x11, 0x11, 0x65, 0x11, 0x14, 0x44, 0x61, 0x1D, 0xDD, 0x44, 0x57, 0x54, 0x51,
    0x51, 0x45, 0x1D, 0x50, 0x40, 0x30, 0xC4, 0x04, 0xD0, 0x00, 0xD0, 0x03, 0x00, 0x03, 0x00, 0x00,
    0x04, 0x00, 0x00, 0x00, 0x03, 0x00, 0x00, 0x00, 0x04, 0x00, 0x00, 0x00, 0x00, 0x00, 0x00, 0x11,
    0x13, 0x11, 0x11, 0x11, 0x21, 0x11, 0x84, 0x44, 0x44, 0x41, 0x17, 0x44, 0x74, 0x4C, 0x40, 0x07,
    0x57, 0x45, 0x57, 0x45, 0xD9, 0x14, 0x74, 0x64, 0x51, 0x21, 0xD1, 0xD1, 0x14, 0x51, 0x74, 0x44,
    0x04, 0x11, 0x00, 0xC0, 0x01, 0x34, 0x01, 0x13, 0x03, 0x00, 0x00, 0x00, 0x00, 0x00, 0x00, 0x10,
    0x10, 0x01, 0x01, 0x00, 0x00, 0x01, 0x00, 0x00, 0x00, 0x00, 0x04, 0x44, 0x44, 0x44, 0x44, 0x44,
    0x44, 0x44, 0x44, 0x44, 0xB4, 0x44, 0x44, 0x51, 0x12, 0x01, 0x00, 0xC4, 0x44, 0x5D, 0xDD, 0x74,
    0x44, 0x47, 0x45, 0xD1, 0x77, 0x55, 0x17, 0x46, 0x45, 0x1D, 0x11, 0x10, 0x43, 0x00, 0x13, 0x11,
    0x10, 0xC3, 0x10, 0x03, 0x00, 0x04, 0x04, 0x10, 0x00, 0x03, 0x03, 0x00, 0x00, 0x10, 0x00, 0x03,
    0x00, 0x00, 0x00, 0x00, 0x00, 0x00, 0x00, 0xD1, 0x11, 0x11, 0x1D, 0x11, 0x11, 0x11, 0x1D, 0x11,
    0x11, 0x11, 0x24, 0x47, 0x44, 0x00, 0xCC, 0x31, 0x19, 0xD7, 0x54, 0x46, 0x5D, 0xD1, 0x1D, 0x17,
    0x51, 0x04, 0x5D, 0x1D, 0x13, 0x44, 0x44, 0x0C, 0x30, 0x4C, 0x01, 0x00, 0x0C, 0x41, 0x0C, 0x4C,
    0x00, 0x40, 0x00, 0x00, 0x10, 0x00, 0x00, 0x00, 0x00, 0x00, 0x00, 0x00, 0x03, 0x00, 0x00, 0x0C,
    0x00, 0x00, 0x04, 0x44, 0x44, 0x47, 0x44, 0x44, 0x47, 0x44, 0x44, 0x74, 0x44, 0x44, 0x41, 0x11,
    0x11, 0xCC, 0x00, 0x04, 0x45, 0x1D, 0x19, 0x64, 0x74, 0x47, 0x74, 0x5D, 0xDC, 0x4D, 0x34, 0x40,
    0x4C, 0x30, 0x03, 0x13, 0x10, 0x04, 0x40, 0x13, 0x10, 0x10, 0xC4, 0x04, 0x00, 0x00, 0x00, 0x00,
    0x00, 0x30, 0x10, 0x00, 0x00, 0x00, 0x0C, 0x10, 0x10, 0x00, 0x00, 0xC0, 0x00, 0x00, 0x01, 0x11,
    0x11, 0x11, 0x11, 0x12, 0x44, 0x46, 0x11, 0x11, 0x11, 0x12, 0x11, 0x11, 0x11, 0x44, 0x00, 0xC3,
    0x91, 0x65, 0x74, 0x47, 0x51, 0x74, 0x45, 0xD4, 0x50, 0x30, 0xC0, 0x30, 0x04, 0x41, 0x31, 0x01,
    0x01, 0x00, 0x31, 0x01, 0x0D, 0x0C, 0x40, 0x40, 0x00, 0x00, 0x00, 0x00, 0x00, 0x00, 0x00, 0x10,
    0xC1, 0x00, 0x40, 0x00, 0x00, 0x00, 0x00, 0x00, 0x00, 0x40, 0x10, 0x44, 0x44, 0x74, 0x46, 0x44,
    0x44, 0x44, 0x44, 0x44, 0x74, 0x44, 0x44, 0xC4, 0xC4, 0x11, 0x44, 0x00, 0x47, 0x44, 0x55, 0x74,
    0x57, 0x46, 0x74, 0x45, 0x95, 0x10, 0x13, 0x04, 0xC0, 0x0C, 0x00, 0xC0, 0xC4, 0xC4, 0x10, 0x30,
    0xC0, 0x10, 0x04, 0x33, 0x03, 0x00, 0xC1, 0x01, 0x00, 0x04, 0x00, 0x00, 0x00, 0x00, 0x00, 0x00,
    0x00, 0x04, 0x00, 0x00, 0x00, 0x00, 0x04, 0x47, 0x47, 0x45, 0x11, 0x19, 0x11, 0x11, 0x19, 0x18,
    0x44, 0x65, 0x11, 0x11, 0x10, 0xC4, 0xD2, 0x0C, 0x47, 0x5D, 0x47, 0x47, 0x45, 0x91, 0x11, 0x67,
    0x47, 0x46, 0x01, 0x00, 0x43, 0x13, 0x11, 0x11, 0x00, 0x43, 0x02, 0x10, 0x44, 0x0D, 0x03, 0x04,
    0x00, 0x00, 0x00, 0x00, 0x01, 0x00, 0x00, 0x00, 0x00, 0x0C, 0x00, 0x30, 0x00, 0x00, 0x00, 0x00,
    0x00, 0x00, 0xC4, 0x44, 0x44, 0x44, 0x64, 0x51, 0x45, 0x91, 0x84, 0x51, 0x46, 0x10, 0x44, 0x40,
    0x08, 0x40, 0x04, 0x40, 0x44, 0x47, 0x59, 0x51, 0x9D, 0x15, 0xD9, 0xD1, 0x5D, 0x65, 0x74, 0xC4,
    0x31, 0x01, 0x00, 0x00, 0xC4, 0x0C, 0x40, 0x0C, 0x01, 0x10, 0xD0, 0x40, 0x00, 0x10, 0x00, 0x00,
    0x00, 0x00, 0x30, 0xC0, 0x40, 0x00, 0x01, 0x00, 0x30, 0x00, 0x00, 0x00, 0x00, 0x00, 0x11, 0x11,
    0x11, 0x11, 0x11, 0x14, 0x51, 0x14, 0x51, 0x14, 0x51, 0x45, 0x11, 0x34, 0x80, 0x04, 0x40, 0x34,
    0x11, 0x91, 0x14, 0x64, 0x45, 0xD1, 0x11, 0x17, 0x44, 0x44, 0x51, 0x4C, 0xC0, 0x30, 0x13, 0x10,
    0x40, 0xC4, 0x04, 0x41, 0x10, 0x0C, 0x08, 0x33, 0x00, 0x00, 0x40, 0xC3, 0x00, 0x03, 0x00, 0x00,
    0x03, 0x00, 0x40, 0x00, 0x00, 0x00, 0x00, 0x00, 0x00, 0x00, 0x04, 0xD1, 0x1D, 0x19, 0x15, 0x44,
    0x47, 0x45, 0x15, 0x45, 0x14, 0x51, 0x10, 0x00, 0x11, 0x00, 0x0C, 0x40, 0x84, 0x45, 0x9D, 0x77,
    0x74, 0x46, 0x47, 0x74, 0x5D, 0x5D, 0xD4, 0x59, 0x11, 0x13, 0x01, 0x0C, 0x31, 0x00, 0x40, 0x30,
    0x0C, 0x41, 0x01, 0x04, 0x00, 0x0C, 0x00, 0x00, 0x33, 0x30, 0x04, 0x00, 0x00, 0x04, 0x00, 0x01,
    0x00, 0x00, 0x00, 0x00, 0x00, 0x03, 0x13, 0x47, 0x44, 0x41, 0x10, 0x74, 0x64, 0x51, 0x44, 0x5D,
    0xD1, 0x13, 0x0C, 0x48, 0x40, 0xC4, 0xC4, 0x0C, 0x13, 0x74, 0x45, 0xD4, 0x44, 0x71, 0x34, 0x47,
    0x44, 0x45, 0x11, 0xD1, 0x47, 0x44, 0x44, 0x21, 0x04, 0x10, 0x31, 0x04, 0x41, 0x08, 0xD0, 0xC0,
    0x31, 0x31, 0x0C, 0x31, 0x00, 0x41, 0x30, 0xC4, 0xC3, 0x00, 0x03, 0x00, 0x00, 0x00, 0x00, 0x00,
    0x03, 0x00, 0x4C, 0x11, 0x15, 0x11, 0x34, 0x11, 0x11, 0x13, 0x11, 0x11, 0x04, 0x44, 0x10, 0x00,
    0x04, 0x10, 0x40, 0x41, 0x0C, 0x47, 0x51, 0x45, 0x74, 0x80, 0x4D, 0x11, 0x11, 0x9D, 0x77, 0x44,
    0x54, 0x75, 0x1D, 0x10, 0xC0, 0xCC, 0x40, 0xC0, 0x20, 0xC1, 0x01, 0x13, 0x00, 0xC0, 0xC3, 0x10,
    0xDC, 0xFC, 0x47, 0xCC, 0x44, 0x43, 0x00, 0x00, 0x00, 0x00, 0x00, 0x00, 0x30, 0x00, 0x11, 0x01,
    0x11, 0x51, 0x44, 0x48, 0x44, 0x45, 0x11, 0x11, 0x11, 0xD0, 0x0D, 0x11, 0x03, 0x00, 0x0C, 0x30,
    0x31, 0x31, 0x1D, 0x5D, 0x19, 0x10, 0x30, 0xC0, 0xC4, 0x44, 0x51, 0x15, 0x11, 0x44, 0x55, 0x0C,
    0x44, 0x10, 0x08, 0x11, 0x04, 0x10, 0x10, 0x03, 0xFC, 0x13, 0x11, 0x3F, 0x11, 0xD1, 0xFD, 0xD7,
    0xD3, 0xDD, 0x13, 0x30, 0x03, 0x00, 0x00, 0x00, 0x00, 0x04, 0x44, 0x74, 0x04, 0x47, 0x51, 0xD4,
    0x74, 0x51, 0x65, 0x94, 0x65, 0x10, 0xC0, 0x00, 0x10, 0x4C, 0x41, 0x04, 0x10, 0x11, 0x1D, 0x16,
    0x45, 0x77, 0x20, 0x20, 0x83, 0x11, 0x17, 0x74, 0x74, 0x65, 0x11, 0x44, 0x00, 0x01, 0x01, 0x00,
    0x03, 0x0C, 0xC3, 0x13, 0xC4, 0xC4, 0x4F, 0x47, 0x77, 0x47, 0x74, 0x7D, 0x1D, 0x47, 0x44, 0x44,
    0x4C, 0x30, 0x30, 0x30, 0x00, 0x00, 0x11, 0x11, 0x30, 0x10, 0x11, 0x11, 0x15, 0x14, 0x51, 0x45,
    0x11, 0x0C, 0x10, 0x4C, 0x00, 0x00, 0x30, 0x00, 0x03, 0x0C, 0x44, 0x64, 0x5D, 0x15, 0x44, 0xCC,
    0x30, 0xCC, 0xC1, 0x11, 0x45, 0x11, 0x75, 0x30, 0xC4, 0xCC, 0x10, 0x31, 0x31, 0x04, 0x10, 0x03,
    0xD2, 0x4F, 0xDD, 0xF7, 0xDF, 0x9F, 0xB7, 0x91, 0xDD, 0xDD, 0xDF, 0x7D, 0x34, 0x41, 0x00, 0x00,
    0x40, 0x03, 0x11, 0x11, 0x11, 0x0D, 0x04, 0x44, 0x44, 0x75, 0x54, 0x51, 0x54, 0x44, 0x00, 0x01,
    0x31, 0x34, 0x04, 0xC4, 0xC0, 0x41, 0x31, 0xDD, 0x75, 0x74, 0x5D, 0x10, 0x4C, 0x10, 0x10, 0x34,
    0xD1, 0xD1, 0x13, 0x41, 0x00, 0x41, 0x03, 0x00, 0x10, 0x30, 0x0C, 0x43, 0xE1, 0x24, 0x4B, 0x79,
    0xED, 0xF7, 0x79, 0xF7, 0xB7, 0xED, 0x37, 0x74, 0x4C, 0x10, 0x04, 0x04, 0x01, 0x01, 0x04, 0x44,
    0x44, 0x44, 0x48, 0x45, 0x55, 0x51, 0x15, 0x15, 0x45, 0x04, 0x48, 0x10, 0x00, 0x00, 0x40, 0x00,
    0x10, 0x00, 0x12, 0x14, 0x51, 0x1D, 0xD1, 0x13, 0x01, 0x03, 0x03, 0x00, 0x0C, 0x10, 0xC0, 0x00,
    0x10, 0x00, 0x30, 0x4C, 0x03, 0x11, 0x04, 0x0C, 0xDE, 0xFB, 0x9D, 0x1F, 0x47, 0x7B, 0x7F, 0x7B,
    0x7B, 0x77, 0x7B, 0x47, 0xD1, 0x03, 0x00, 0x40, 0x00, 0x00, 0xD1, 0x11, 0x31, 0x11, 0x11, 0x1D,
    0x11, 0x16, 0x45, 0x5D, 0xDD, 0x11, 0x00, 0x00, 0xC4, 0x04, 0x03, 0x10, 0x03, 0x13, 0x01, 0x07,
    0x75, 0x91, 0x16, 0x44, 0x40, 0x30, 0x30, 0x43, 0x00, 0x00, 0x10, 0x4C, 0x03, 0x10, 0x04, 0x01,
    0x31, 0x00, 0x00, 0xC3, 0xB8, 0x77, 0x7B, 0xB7, 0xAE, 0xDD, 0x19, 0x1D, 0xDD, 0x1E, 0xD1, 0xEC,
    0x40, 0xC4, 0x40, 0x00, 0x30, 0x30, 0x04, 0x4C, 0x44, 0x44, 0x74, 0x44, 0x74, 0x44, 0x51, 0xD5,
    0x44, 0x44, 0xC1, 0x0C, 0x00, 0x40, 0x30, 0x03, 0x00, 0x00, 0x20, 0xD1, 0x11, 0xD6, 0x74, 0x5D,
    0x13, 0x01, 0x00, 0x00, 0x4C, 0x41, 0x00, 0x01, 0x30, 0x03, 0x00, 0x30, 0x00, 0x0C, 0xCC, 0x10,
    0xDD, 0xED, 0x27, 0x7B, 0x77, 0x4A, 0xBE, 0xBB, 0xBB, 0x78, 0x7B, 0x44, 0xC4, 0xC0, 0x04, 0x30,
    0x00, 0x01, 0x11, 0x34, 0x44, 0x84, 0x44, 0x44, 0x44, 0x65, 0x15, 0x44, 0x55, 0x11, 0x00, 0x01,
    0x04, 0x00, 0x01, 0x00, 0x41, 0x0C, 0x00, 0x00, 0x44, 0x44, 0x51, 0xD1, 0xB4, 0x20, 0x31, 0x0C,
    0x00, 0x00, 0x0C, 0xC0, 0x04, 0x30, 0x43, 0x04, 0x10, 0xC0, 0x10, 0x03, 0xB7, 0x92, 0x79, 0xE4,
    0x7B, 0x9D, 0xDD, 0xDD, 0x1D, 0x27, 0xB4, 0x7D, 0x03, 0x10, 0x43, 0x00, 0x00, 0x00, 0x11, 0x11,
    0x31, 0x12, 0x11, 0x11, 0x11, 0x11, 0x74, 0x55, 0x11, 0x44, 0x43, 0x00, 0x00, 0x0C, 0xC0, 0x30,
    0x00, 0x00, 0x4C, 0x30, 0x0C, 0x45, 0x17, 0x54, 0x51, 0x03, 0x00, 0x00, 0x30, 0xC3, 0x00, 0x10,
    0x00, 0x04, 0x00, 0x40, 0x00, 0x11, 0x01, 0x03, 0xDE, 0x1B, 0x9F, 0x79, 0xE4, 0x7B, 0x7B, 0x4B,
    0x78, 0x7D, 0x11, 0x20, 0x31, 0x00, 0x31, 0x10, 0x00, 0x01, 0x11, 0x13, 0x44, 0x44, 0x45, 0x96,
    0x59, 0x47, 0x51, 0x75, 0x54, 0x44, 0x80, 0x10, 0xC0, 0xC0, 0x10, 0x04, 0x30, 0xC4, 0x00, 0x43,
    0x30, 0x31, 0xC5, 0x1D, 0x47, 0x40, 0x10, 0xC4, 0x04, 0x00, 0x10, 0x03, 0x0C, 0x40, 0x30, 0x03,
    0x0C, 0x00, 0x00, 0x30, 0xB7, 0x77, 0x76, 0xDF, 0x47, 0xB7, 0xD1, 0xE7, 0x86, 0xD2, 0xCC, 0xCC,
    0x40, 0x11, 0x04, 0x00, 0x00, 0x00, 0x34, 0x44, 0x44, 0x51, 0x51, 0x11, 0x11, 0x15, 0x15, 0x51,
    0x17, 0x19, 0x01, 0x00, 0x04, 0x04, 0x03, 0x00, 0x00, 0x00, 0x00, 0x00, 0x02, 0x00, 0xD1, 0xD4,
    0x54, 0x74, 0x00, 0x00, 0x00, 0x10, 0x03, 0x00, 0x40, 0x00, 0x04, 0x00, 0x10, 0x00, 0xC0, 0x03,
    0xF1, 0x2D, 0xED, 0xD9, 0xED, 0xDD, 0x27, 0xBD, 0xDF, 0x48, 0xC4, 0x10, 0x04, 0x00, 0x00, 0x40,
    0x00, 0x03, 0x11, 0x11, 0x14, 0x47, 0x45, 0x55, 0x45, 0x44, 0x51, 0x15, 0x64, 0x44, 0x40, 0x03,
    0x00, 0x00, 0x00, 0x40, 0x41, 0x00, 0xCC, 0x31, 0x00, 0x0C, 0x01, 0x11, 0x75, 0x40, 0x0C, 0x03,
    0x0C, 0x03, 0x00, 0x40, 0x00, 0x33, 0x00, 0x10, 0x00, 0x40, 0x04, 0x10, 0x08, 0xCC, 0xDD, 0x2D,
    0xDE, 0x4B, 0x7B, 0x44, 0x4C, 0x30, 0x43, 0x01, 0x00, 0x41, 0x00, 0x00, 0x00, 0x31, 0x04, 0x44,
    0x46, 0x51, 0x44, 0x84, 0x51, 0x15, 0xD5, 0x64, 0x51, 0x14, 0x0C, 0x30, 0x40, 0x40, 0x40, 0x0C,
    0x00, 0x30, 0x00, 0x00, 0x31, 0x00, 0x00, 0x85, 0x14, 0x54, 0x00, 0x40, 0x40, 0x30, 0x40, 0x01,
    0x0C, 0x00, 0x40, 0x00, 0xC0, 0x0C, 0x40, 0x00, 0x30, 0x30, 0x00, 0x8C, 0x44, 0x77, 0x44, 0xCC,
    0x32, 0x0C, 0x0C, 0x40, 0x10, 0x00, 0x30, 0x00, 0x03, 0x00, 0x45, 0x1D, 0x11, 0x14, 0x64, 0x51,
    0x1D, 0x44, 0x44, 0x45, 0x14, 0x74, 0x44, 0x00, 0x00, 0x00, 0x03, 0x00, 0x30, 0x01, 0x04, 0x10,
    0x00, 0x33, 0x30, 0x13, 0x45, 0x44, 0x30, 0x00, 0x01, 0x00, 0x01, 0x00, 0x01, 0x04, 0x03, 0x00,
    0x04, 0x00, 0x00, 0x03, 0x04, 0xC4, 0x8C, 0x30, 0xCC, 0xC0, 0x30, 0x82, 0x00, 0x41, 0x04, 0x04,
    0x01, 0x11, 0x00, 0x00, 0x00, 0x44, 0x44, 0x44, 0x51, 0x11, 0x11, 0x1D, 0x44, 0x5D, 0x51, 0x5D,
    0x45, 0x11, 0x01, 0x04, 0x30, 0x30, 0x30, 0x41, 0x01, 0x00, 0x00, 0x03, 0x0C, 0x00, 0x04, 0x00,
    0x44, 0x53, 0x04, 0x30, 0x30, 0x04, 0x30, 0x00, 0x30, 0x00, 0x00, 0x10, 0x40, 0x04, 0x03, 0x00,
    0xC0, 0x40, 0x04, 0xC4, 0x08, 0x32, 0x08, 0x10, 0xD0, 0x00, 0x00, 0x40, 0x40, 0x00, 0x04, 0x00,
    0x00, 0x01, 0x31, 0x11, 0x11, 0xD1, 0x11, 0x14, 0x55, 0x11, 0x16, 0x45, 0x11, 0x91, 0x11, 0x00,
    0x01, 0x01, 0x00, 0x00, 0x00, 0x30, 0xC3, 0x00, 0x10, 0x10, 0x40, 0x0C, 0x0D, 0x30, 0x00, 0x01,
    0x00, 0xC0, 0x00, 0xCC, 0x00, 0x00, 0xC1, 0x00, 0x00, 0xC0, 0x30, 0x10, 0x10, 0x31, 0x00, 0x43,
    0x10, 0x40, 0x43, 0x01, 0x01, 0x11, 0x10, 0x04, 0x04, 0x41, 0x00, 0x00, 0x30, 0x74, 0x11, 0x04,
    0xC4, 0x11, 0x11, 0x45, 0x11, 0x65, 0x65, 0x54, 0x59, 0x11, 0x04, 0x03, 0x10, 0x00, 0x04, 0x00,
    0xC0, 0x01, 0x00, 0x10, 0x03, 0x00, 0x00, 0xC0, 0x00, 0x04, 0x03, 0x10, 0x04, 0x03, 0x10, 0x01,
    0x04, 0x10, 0x00, 0x00, 0x0C, 0x00, 0x01, 0x00, 0x04, 0x40, 0x44, 0x04, 0x0C, 0x34, 0x04, 0x10,
    0x30, 0x00, 0x04, 0x40, 0x40, 0x00, 0x10, 0x00, 0x01, 0x04, 0x43, 0x42, 0x11, 0x11, 0x18, 0x51,
    0x64, 0x45, 0x54, 0x55, 0xD1, 0x12, 0x19, 0x00, 0x00, 0x10, 0x00, 0xC4, 0x04, 0x10, 0x0C, 0x03,
    0x00, 0x0C, 0x0C, 0x04, 0x30, 0x00, 0xC4, 0x00, 0x00, 0x10, 0x00, 0x40, 0x00, 0x00, 0x10, 0x0C,
    0x00, 0x10, 0xC0, 0x00, 0xC0, 0x10, 0x00, 0x40, 0x44, 0x40, 0x40, 0x43, 0x11, 0x11, 0x00, 0x04,
    0x04, 0x11, 0x01, 0x11, 0x10, 0x44, 0x44, 0x11, 0x11, 0x18, 0x45, 0x19, 0x15, 0xD4, 0x45, 0x46,
    0x45, 0xD1, 0x44, 0xC4, 0x03, 0x00, 0x40, 0x00, 0x00, 0x00, 0x01, 0x00, 0x30, 0x40, 0xC0, 0x40,
    0x01, 0x00, 0x00, 0x03, 0x03, 0x00, 0x0C, 0x00, 0x00, 0x03, 0x00, 0xC0, 0x41, 0x00, 0x00, 0x30,
    0x11, 0x04, 0x44, 0x04, 0x00, 0x04, 0x04, 0x04, 0x00, 0x00, 0x44, 0x40, 0xC0, 0x00, 0x00, 0x04,
    0x47, 0x44, 0x75, 0x11, 0x11, 0x11, 0x51, 0xD1, 0x44, 0x44, 0x51, 0x91, 0x51, 0x14, 0x51, 0x00,
    0x30, 0x0C, 0x01, 0x03, 0x03, 0x03, 0x30, 0x0C, 0x04, 0x00, 0x04, 0x03, 0x00, 0x0C, 0x40, 0xC0,
    0x10, 0x01, 0x00, 0x04, 0x10, 0xC0, 0x00, 0x04, 0x00, 0x00, 0x41, 0x03, 0x00, 0x40, 0x01, 0x01,
    0x11, 0x01, 0x00, 0x41, 0x11, 0x10, 0x00, 0x04, 0x11, 0x10, 0x44, 0x00, 0x45, 0x15, 0xD1, 0x45,
    0x11, 0x21, 0x04, 0x10, 0x46, 0x55, 0x94, 0x44, 0x59, 0x45, 0x11, 0x10, 0x04, 0x00, 0x30, 0x00,
    0x40, 0x30, 0x00, 0xC0, 0x40, 0x0C, 0x40, 0x00, 0x10, 0xC0, 0x00, 0x10, 0x00, 0x40, 0x04, 0x00,
    0x00, 0x04, 0x30, 0x40, 0x00, 0x30, 0x00, 0x03, 0xD0, 0x11, 0x10, 0x40, 0x00, 0x40, 0x44, 0x10,
    0x00, 0x04, 0x44, 0x40, 0x00, 0x01, 0x00, 0x40, 0x01, 0x51, 0x55, 0x55, 0x56, 0x54, 0x74, 0x45,
    0x11, 0x45, 0x45, 0x55, 0x84, 0x51, 0x44, 0x40, 0x40, 0x10, 0x00, 0xC4, 0x01, 0x01, 0x04, 0x04,
    0x00, 0xC0, 0x00, 0xC3, 0x00, 0x04, 0x0C, 0x00, 0x40, 0x00, 0xC0, 0x30, 0x0C, 0x00, 0x00, 0x00,
    0xC3, 0x00, 0x00, 0x30, 0x04, 0x00, 0x04, 0x11, 0x10, 0x11, 0x00, 0x04, 0x44, 0x40, 0x00, 0x04,
    0x44, 0x40, 0x44, 0x04, 0x40, 0x04, 0x51, 0x47, 0x44, 0x45, 0x55, 0x56, 0x54, 0x5D, 0x14, 0x74,
    0x54, 0x44, 0x64, 0x4C, 0x00, 0x03, 0x10, 0x00, 0x00, 0x00, 0x00, 0x00, 0x0C, 0x00, 0x30, 0x00,
    0x0C, 0x00, 0x31, 0x0C, 0x00, 0x30, 0x03, 0x01, 0x00, 0x40, 0x10, 0x0C, 0x00, 0x04, 0x33, 0x03,
    0x01, 0x11, 0x00, 0x00, 0x04, 0x00, 0x44, 0x40, 0x00, 0x11, 0x11, 0x00, 0x00, 0x10, 0x01, 0x00,
    0x10, 0x41, 0x04, 0x55, 0x15, 0x11, 0x04, 0x91, 0x1D, 0xD4, 0x55, 0x55, 0x45, 0x19, 0x11, 0xC0,
    0x0C, 0x00, 0x00, 0x40, 0xC0, 0xC0, 0x03, 0x00, 0xC0, 0x10, 0x03, 0x31, 0x00, 0x43, 0x00, 0x00,
    0x31, 0x01, 0x00, 0x10, 0x00, 0x03, 0x00, 0xC0, 0x10, 0x40, 0x00, 0x10, 0xD0, 0x00, 0x44, 0x44,
    0x40, 0x44, 0x00, 0x04, 0x44, 0x00, 0x00, 0x44, 0x44, 0x04, 0x40, 0x44, 0x04, 0x00, 0xC4, 0x44,
    0x51, 0x54, 0x51, 0x15, 0x55, 0x45, 0x76, 0x44, 0x51, 0x75, 0x45, 0x10, 0x40, 0x41, 0x00, 0x00,
    0x04, 0x04, 0x10, 0x10, 0x01, 0x03, 0x00, 0x00, 0x04, 0x00, 0x10, 0x10, 0x00, 0x00, 0x04, 0x00,
    0x30, 0x00, 0x00, 0x01, 0x00, 0x00, 0x10, 0x00, 0x04, 0x44, 0x00, 0x00, 0x10, 0x10, 0x44, 0x40,
    0x00, 0x44, 0x44, 0x00, 0x01, 0x00, 0x10, 0x01, 0x01, 0x11, 0x00, 0x01, 0x17, 0x55, 0x55, 0x57,
    0x51, 0x55, 0x54, 0x55, 0x96, 0x51, 0x11, 0x00, 0x00, 0x00, 0x04, 0x0C, 0x40, 0x00, 0x00, 0x00,
    0xC0, 0x00, 0x10, 0x40, 0xC0, 0x0C, 0x00, 0x03, 0x00, 0x30, 0x00, 0x03, 0x01, 0x04, 0x30, 0x40,
    0x00, 0x0C, 0x00, 0x0C, 0x10, 0x01, 0x11, 0x11, 0x04, 0x04, 0x00, 0x11, 0x11, 0x00, 0x01, 0x11,
    0x10, 0x44, 0x04, 0x40, 0x40, 0x00, 0x44, 0x40, 0x00, 0x11, 0x55, 0x55, 0x55, 0x54, 0x45, 0x46,
    0x45, 0x14, 0x74, 0x40, 0x30, 0x00, 0xC0, 0x00, 0x00, 0xC0, 0xC3, 0x00, 0x10, 0x30, 0x00, 0x00,
    0x00, 0xC0, 0x0C, 0x00, 0x10, 0x01, 0x00, 0xC0, 0x10, 0x00, 0x00, 0x00, 0x30, 0x40, 0x01, 0x00,
    0x04, 0x40, 0x00, 0x00, 0x41, 0x01, 0x11, 0x00, 0x00, 0x44, 0x40, 0x00, 0x04, 0x01, 0x00, 0x10,
    0x11, 0x10, 0x00, 0x11, 0x11, 0x00, 0x34, 0x75, 0x15, 0x15, 0x5D, 0x15, 0x55, 0x51, 0x11, 0x03,
    0x01, 0x04, 0x00, 0x40, 0x0C, 0x04, 0x00, 0x10, 0x00, 0x01, 0x00, 0x31, 0x0C, 0x04, 0x10, 0x41,
    0x00, 0x40, 0x0C, 0x04, 0x00, 0x00, 0xC4, 0x0C, 0x00, 0x00, 0x40, 0x03, 0x00, 0x04, 0x44, 0x44,
    0x00, 0x40, 0x00, 0x44, 0x44, 0x00, 0x11, 0x11, 0x10, 0x44, 0x44, 0x44, 0x40, 0x04, 0x44, 0x40,
    0x40, 0x44, 0x41, 0x11, 0x11, 0x44, 0x55, 0x54, 0x44, 0x44, 0x44, 0x00, 0x10, 0x00, 0x04, 0x01,
    0x00, 0x40, 0x10, 0x00, 0x43, 0x10, 0x0C, 0x00, 0x00, 0x40, 0x00, 0x00, 0x00, 0x00, 0x00, 0x40,
    0x03, 0x0C, 0x00, 0x00, 0x10, 0x0C, 0x00, 0x33, 0xC4, 0x40, 0x00, 0x01, 0x10, 0x11, 0x10, 0x00,
    0x01, 0x11, 0x00, 0x40, 0x04, 0x00, 0x00, 0x00, 0x11, 0x10, 0x10, 0x11, 0x04, 0x11, 0x10, 0x00,
    0x40, 0xD1, 0x55, 0x75, 0x56, 0x51, 0x00, 0x30, 0x00, 0x00, 0x40, 0x00, 0x04, 0x00, 0x00, 0x40,
    0x00, 0x00, 0x01, 0x00, 0xC4, 0x00, 0x0C, 0x00, 0x30, 0x0C, 0x10, 0x00, 0x30, 0x00, 0x00, 0xC1,
    0x00, 0xC0, 0x0C, 0x00, 0x10, 0x11, 0x11, 0x10, 0x01, 0x00, 0x04, 0x44, 0x40, 0x00, 0x44, 0x04,
    0x40, 0x44, 0x44, 0x44, 0x40, 0x04, 0x44, 0x00, 0x41, 0x00, 0x04, 0x44, 0x11, 0x04, 0x00, 0x44,
    0x10, 0x04, 0x20, 0x01, 0x03, 0x30, 0x00, 0x30, 0x00, 0x03, 0x00, 0x00, 0x01, 0x00, 0xC0, 0x04,
    0x00, 0x0C, 0xC0, 0xC3, 0x00, 0xC0, 0x00, 0x03, 0x00, 0x41, 0x04, 0x00, 0x00, 0x00, 0x40, 0x10,
    0x04, 0x00, 0x40, 0x04, 0x44, 0x44, 0x40, 0x00, 0x11, 0x10, 0x00, 0x40, 0x04, 0x00, 0x00, 0x00,
    0x11, 0x00, 0x01, 0x11, 0x10, 0x44, 0x41, 0x11, 0x00, 0x43, 0x10, 0x00, 0xCD, 0x00, 0x03, 0x10,
    0x00, 0x04, 0x03, 0x01, 0x00, 0xC0, 0x10, 0x0C, 0x40, 0x0C, 0x00, 0xC0, 0x00, 0xC0, 0x00, 0x00,
    0x04, 0x00, 0x00, 0xC0, 0x04, 0x00, 0x00, 0x00, 0x30, 0x10, 0x00, 0x00, 0xC1, 0x11, 0x04, 0x40,
    0x00, 0x00, 0x11, 0x11, 0x00, 0x04, 0x44, 0x11, 0x10, 0x44, 0x44, 0x44, 0x00, 0x44, 0x40, 0x00,
    0x04, 0x01, 0x10, 0x00, 0x44, 0x11, 0x01, 0x04, 0x00, 0x33, 0x10, 0x00, 0x31, 0x00, 0x30, 0x10,
    0x04, 0x04, 0x00, 0xC0, 0x00, 0x00, 0x10, 0x00, 0xC0, 0x00, 0x41, 0x04, 0x00, 0x04, 0x30, 0x00,
    0x00, 0x00, 0x00, 0xC3, 0x00, 0x00, 0x0C, 0x03, 0x10, 0x04, 0x40, 0x11, 0x11, 0x11, 0x00, 0x04,
    0x44, 0x41, 0x01, 0x00, 0x44, 0x10, 0x10, 0x11, 0x11, 0x01, 0x11, 0x11, 0x01, 0x10, 0x04, 0x44,
    0x01, 0x00, 0x40, 0x00, 0x44, 0x10, 0x01, 0x00, 0x00, 0x00, 0x00, 0x00, 0x00, 0x00, 0x00, 0x04,
    0x03, 0x01, 0x00, 0x10, 0x04, 0x04, 0x00, 0x00, 0x00, 0xC0, 0x00, 0x04, 0x00, 0xC3, 0x0C, 0x00,
    0x01, 0x00, 0xC0, 0x30, 0x04, 0x40, 0x04, 0x00, 0x00, 0x00, 0x44, 0x40, 0x01, 0x10, 0x44, 0x44,
    0x01, 0x04, 0x44, 0x40, 0x40, 0x44, 0x04, 0x10, 0x44, 0x04, 0x40, 0x01, 0x10, 0x44, 0x11, 0x10,
    0x00, 0x01, 0x00, 0x04, 0x00, 0x10, 0xC1, 0x00, 0xC0, 0x00, 0x30, 0x40, 0x00, 0x10, 0x00, 0x00,
    0x00, 0x00, 0x00, 0x00, 0xC0, 0x00, 0x03, 0x00, 0x30, 0x00, 0x00, 0x04, 0x00, 0x0C, 0x00, 0x03,
    0xC0, 0x11, 0x01, 0x11, 0x11, 0x11, 0x00, 0x11, 0x10, 0x04, 0x00, 0x04, 0x40, 0x40, 0x00, 0x11,
    0x11, 0x01, 0x11, 0x04, 0x11, 0x10, 0x11, 0x10, 0x04, 0x00, 0x00, 0x01, 0x11, 0x10, 0x10, 0x40,
    0x10, 0x00, 0x00, 0x00, 0x00, 0xC3, 0x00, 0x00, 0x30, 0x00, 0x0C, 0x00, 0xC0, 0xC0, 0x30, 0xC0,
    0x00, 0x03, 0x00, 0x00, 0x00, 0x00, 0x00, 0xC0, 0x30, 0x00, 0x0C, 0x10, 0x11, 0x00, 0x40, 0x00,
    0x00, 0x00, 0x44, 0x00, 0x04, 0x40, 0x44, 0x40, 0x11, 0x11, 0x11, 0x04, 0x00, 0x44, 0x00, 0x41,
    0x00, 0x04, 0x40, 0x04, 0x40, 0x44, 0x44, 0x40, 0x00, 0x01, 0x00, 0x00, 0x00, 0x00, 0x00, 0x30,
    0x0C, 0x00, 0x00, 0x03, 0x00, 0x00, 0x00, 0x0C, 0x00, 0x00, 0x00, 0x00, 0x0C, 0x30, 0x00, 0x30,
    0x03, 0x0C, 0x30, 0x00, 0x00, 0x00, 0x00, 0x00, 0x00, 0x44, 0x11, 0x11, 0x11, 0x11, 0x01, 0x11,
    0x10, 0x10, 0x10, 0x11, 0x00, 0x01, 0x04, 0x41, 0x11, 0x01, 0x11, 0x10, 0x44, 0x40, 0x11, 0x10,
    0x10, 0x00, 0x00, 0x11, 0x11, 0x10, 0x11, 0x00, 0x00, 0xC3, 0x0C, 0x00, 0xC0, 0x00, 0x0C, 0x00,
    0x00, 0x30, 0xC0, 0x00, 0x00, 0x0C, 0x00, 0x0C, 0x00, 0x00, 0x30, 0x00, 0xC0, 0x00, 0x00, 0x03,
    0x03, 0x0C, 0x00, 0x03, 0xD1, 0x01, 0x00, 0x00, 0x40, 0x40, 0x40, 0x41, 0x04, 0x44, 0x44, 0x40,
    0x44, 0x44, 0x10, 0x10, 0x04, 0xD0, 0x40, 0x04, 0x11, 0x11, 0x00, 0x04, 0x04, 0x44, 0x44, 0x00,
    0x00, 0x03, 0x00, 0x30, 0xC0, 0x00, 0x00, 0x00, 0x00, 0x0C, 0x00, 0x30, 0x0C, 0x00, 0x00, 0xC0,
    0x30, 0x00, 0x0C, 0x00, 0x00, 0x00, 0x00, 0x00, 0x00, 0x00, 0x00, 0xC0, 0x00, 0x00, 0x30, 0x30,
    0x04, 0x44, 0x44, 0x44, 0x11, 0x11, 0x11, 0x10, 0x40, 0x01, 0x00, 0x11, 0x04, 0x11, 0x04, 0x04,
    0x40, 0x04, 0x11, 0x11, 0x00, 0x04, 0x44, 0x41, 0x00, 0x00, 0x01, 0x11, 0x10, 0x40, 0x03, 0x00,
    0x00, 0x00, 0x00, 0x30, 0x00, 0xC0, 0x00, 0x00, 0x00, 0x00, 0x00, 0x00, 0x00, 0xC0, 0x00, 0x00,
    0xC3, 0x0C, 0x03, 0x0C, 0x00, 0xC3, 0x0C, 0x00, 0x00, 0x00, 0x00, 0x03, 0x10, 0x00, 0x00, 0x41,
    0x00, 0x00, 0x00, 0x04, 0x11, 0x10, 0x44, 0x40, 0x41, 0x00, 0x41, 0x10, 0x11, 0x13, 0x00, 0x00,
    0x44, 0x40, 0x01, 0x10, 0x44, 0x44, 0x40, 0x00, 0x00, 0x04, 0x10, 0x10, 0x0C, 0x0C, 0x30, 0x00,
    0x30, 0x00, 0x30, 0x00, 0xC0, 0x03, 0x00, 0x03, 0x00, 0x00, 0xC0, 0x30, 0x00, 0x00, 0x00, 0x00,
    0x0C, 0x00, 0x00, 0x00, 0xC0, 0xC0, 0x03, 0x03, 0x04, 0x44, 0x44, 0x04, 0x11, 0x11, 0x11, 0x11,
    0x00, 0x44, 0x01, 0x11, 0x10, 0x44, 0x10, 0x44, 0x41, 0x04, 0x44, 0x44, 0x01, 0x11, 0x10, 0x04,
    0x00, 0x00, 0x11, 0x10, 0x44, 0x00, 0x00, 0x00, 0x00, 0x00, 0x00, 0x03, 0x00, 0x03, 0x00, 0xC0,
    0x00, 0xC0, 0x0C, 0x30, 0x00, 0x00, 0x00, 0x00, 0x00, 0x00, 0xC0, 0x00, 0xC0, 0x00, 0x00, 0x0C,
    0x00, 0x03, 0x00, 0x00, 0xC0, 0x00, 0x01, 0x01, 0x00, 0x00, 0x00, 0x00, 0x11, 0x01, 0x10, 0x10,
    0x04, 0x11, 0x04, 0x01, 0x10, 0x40, 0x10, 0x41, 0x10, 0x04, 0x04, 0x43, 0x11, 0x11, 0x00, 0x00,
    0x00, 0x41, 0x01, 0x00, 0xC0, 0xC0, 0x03, 0x00, 0x00, 0x30, 0x00, 0x00, 0x00, 0x00, 0x00, 0x00,
    0x03, 0x00, 0x03, 0x00, 0x0C, 0x0C, 0x00, 0xC0, 0x00, 0x0C, 0x0C, 0x00, 0x00, 0x00, 0x00, 0x03,
    0x11, 0x11, 0x10, 0x44, 0x44, 0x44, 0x44, 0x44, 0x40, 0x40, 0x04, 0x04, 0x41, 0x00, 0x41, 0x10,
    0x04, 0x11, 0x04, 0x10, 0x44, 0x41, 0x10, 0x11, 0x00, 0x00, 0x11, 0x11, 0x04, 0x00, 0x10, 0x0C,
    0x00, 0x00, 0x30, 0x00, 0x03, 0x00, 0x00, 0x03, 0x00, 0x00, 0x00, 0x00, 0x30, 0x0C, 0x00, 0x00,
    0xC0, 0x00, 0x0C, 0x00, 0x03, 0x00, 0x00, 0x00, 0x30, 0xC0, 0x0C, 0x30, 0x10, 0x44, 0x04, 0x00,
    0x01, 0x11, 0x04, 0x40, 0x10, 0x11, 0x11, 0x10, 0x10, 0x44, 0x10, 0x04, 0x41, 0x01, 0x11, 0x04,
    0x01, 0x10, 0x04, 0x00, 0x44, 0x44, 0x00, 0x00, 0x00, 0x10, 0x00, 0x40, 0x00, 0x03, 0x00, 0x0C,
    0x00, 0x00, 0x30, 0x30, 0x0C, 0x30, 0xC3, 0x0C, 0x00, 0x00, 0x30, 0x0C, 0x00, 0x00, 0x00, 0x03,
    0x00, 0x00, 0x00, 0xC3, 0x00, 0x00, 0xC0, 0x03, 0x04, 0x11, 0x11, 0x11, 0x10, 0x00, 0x40, 0x11,
    0x04, 0x44, 0x10, 0x04, 0x4C, 0x01, 0x01, 0x10, 0x10, 0x44, 0x00, 0x41, 0x10, 0x04, 0x41, 0x11,
    0x00, 0x00, 0x41, 0x04, 0xC4, 0x00, 0x10, 0x00, 0x0C, 0x30, 0x00, 0x00, 0x30, 0x03, 0x00, 0x00,
    0x00, 0x00, 0x00, 0x00, 0x03, 0x00, 0x00, 0x00, 0x03, 0x0C, 0x00, 0x30, 0x00, 0x03, 0x0C, 0x00,
    0x00, 0x00, 0x00, 0x03, 0xD1, 0x00, 0x04, 0x10, 0x44, 0x44, 0x11, 0x04, 0x41, 0x01, 0x04, 0x41,
    0x04, 0x44, 0x10, 0x04, 0x04, 0x01, 0x11, 0x10, 0x44, 0x41, 0x10, 0x10, 0x44, 0x44, 0x00, 0x00,
    0x00, 0x01, 0x01, 0x30, 0x00, 0x00, 0x0C, 0x00, 0x00, 0x30, 0x0C, 0x00, 0xCC, 0x0C, 0x0C, 0x44,
    0x4C, 0x33, 0x00, 0xC0, 0x00, 0x00, 0x0C, 0x00, 0x30, 0xC0, 0x00, 0x00, 0x00, 0xC0, 0x00, 0x03,
    0x00, 0x44, 0x41, 0x04, 0x04, 0x11, 0x04, 0x40, 0x10, 0x44, 0x10, 0x10, 0x41, 0x01, 0x04, 0x41,
    0x01, 0x10, 0x00, 0x04, 0x00, 0x10, 0x04, 0x44, 0x00, 0x00, 0x44, 0x41, 0x01, 0x00, 0x10, 0x04,
    0x30, 0x03, 0x00, 0x0C, 0x03, 0x00, 0x00, 0x0C, 0x04, 0x00, 0x41, 0x31, 0x11, 0x10, 0x30, 0x00,
    0x30, 0x00, 0xC0, 0x00, 0x00, 0x00, 0x00, 0x03, 0x0C, 0x03, 0x0C, 0x30, 0xD1, 0x00, 0x10, 0x41,
    0x01, 0x00, 0x40, 0x11, 0x04, 0x01, 0x04, 0x44, 0x10, 0x44, 0x41, 0x10, 0x44, 0x04, 0x44, 0x43,
    0x11, 0x04, 0x40, 0x01, 0x11, 0x10, 0x00, 0x00, 0x10, 0x10, 0x03, 0x00, 0x00, 0x00, 0x00, 0xC0,
    0x30, 0x00, 0xC1, 0x11, 0x11, 0x30, 0x10, 0x44, 0xC4, 0x11, 0x10, 0x03, 0x00, 0x00, 0x00, 0x0C,
    0x00, 0x00, 0x30, 0x30, 0x00, 0x00, 0x00, 0x03, 0x04, 0x44, 0x44, 0x10, 0x44, 0x44, 0x11, 0x04,
    0x41, 0x10, 0x40, 0x01, 0x04, 0x10, 0x10, 0x04, 0x11, 0x10, 0x10, 0x11, 0x04, 0x40, 0x11, 0x10,
    0x00, 0x04, 0x10, 0x10, 0x00, 0x01, 0x10, 0x41, 0x00, 0x30, 0x44, 0x10, 0xC1, 0x04, 0x13, 0x11,
    0x0C, 0x11, 0x0C, 0x13, 0x11, 0x31, 0x04, 0xC0, 0x00, 0x30, 0x00, 0xC0, 0x0C, 0x0C, 0x00, 0x00,
    0x00, 0x00, 0x00, 0x03, 0x40, 0x10, 0x01, 0x04, 0x10, 0x11, 0x01, 0x00, 0x10, 0x04, 0x11, 0x10,
    0x41, 0x04, 0x44, 0x41, 0x00, 0x04, 0x44, 0x40, 0x40, 0x11, 0x00, 0x04, 0x44, 0x00, 0x01, 0x01,
    0x04, 0x40, 0x00, 0x00, 0x11, 0x11, 0x31, 0x0D, 0x10, 0x43, 0x04, 0x0C, 0xC4, 0x00, 0xC4, 0xC1,
    0x0C, 0x44, 0x41, 0x0C, 0x0C, 0x00, 0x0C, 0x00, 0x00, 0x00, 0x00, 0x00, 0x0C, 0x30, 0x0C, 0x03,
    0x11, 0x04, 0x44, 0x41, 0x04, 0x40, 0x44, 0x44, 0x4D, 0x10, 0x40, 0x04, 0x30, 0x40, 0x01, 0x10,
    0x44, 0x40, 0x00, 0x11, 0x11, 0x04, 0x44, 0x40, 0x00, 0x44, 0x40, 0x00, 0x00, 0x04, 0x10, 0x44,
    0x44, 0x44, 0xC4, 0xC1, 0x1D, 0x31, 0x01, 0x10, 0x43, 0x44, 0x40, 0x40, 0x44, 0x10, 0x44, 0x40,
    0xC0, 0x00, 0xC0, 0x03, 0x00, 0x00, 0x0C, 0x0C, 0x00, 0x00, 0xC0, 0x03, 0x10, 0x41, 0x10, 0x10,
    0x41, 0x11, 0x00, 0x10, 0x10, 0x04, 0x11, 0x10, 0x44, 0x11, 0x10, 0x04, 0x10, 0x44, 0x44, 0x40,
    0x00, 0x40, 0x01, 0x11, 0x04, 0x00, 0x04, 0x11, 0x10, 0x40, 0x00, 0x04, 0x44, 0x41, 0x10, 0x44,
    0x44, 0x40, 0x44, 0x04, 0x30, 0x00, 0x34, 0x11, 0x01, 0x04, 0xC4, 0x11, 0x00, 0x00, 0x00, 0x00,
    0x03, 0x03, 0x00, 0x00, 0x00, 0x00, 0x00, 0x30, 0x04, 0x10, 0x04, 0x44, 0x10, 0x04, 0x44, 0x44,
    0x44, 0x41, 0x04, 0x04, 0x01, 0x01, 0x04, 0x41, 0x04, 0x00, 0x10, 0x11, 0x11, 0x11, 0x10, 0x00,
    0x00, 0x44, 0x40, 0x00, 0x00, 0x00, 0xC4, 0x51, 0xD3, 0x10, 0x4D, 0x11, 0x11, 0x30, 0x11, 0xCD,
    0x11, 0xDD, 0x03, 0x0C, 0x44, 0xD1, 0x11, 0x30, 0x43, 0x0C, 0x00, 0xC0, 0x00, 0x00, 0x00, 0x00,
    0xC0, 0x30, 0x00, 0x03, 0xC1, 0x04, 0x40, 0x01, 0x04, 0x40, 0x11, 0x00, 0x01, 0x10, 0x41, 0x11,
    0x10, 0x44, 0x41, 0x30, 0x41, 0x11, 0x01, 0x00, 0x04, 0x00, 0x04, 0x44, 0x44, 0x00, 0x11, 0x10,
    0x30, 0x04, 0x11, 0x14, 0x4D, 0x04, 0xD0, 0x4C, 0x44, 0xC0, 0xC4, 0x71, 0x34, 0x13, 0x44, 0x44,
    0x33, 0x0C, 0x43, 0x14, 0x30, 0x00, 0x00, 0x00, 0xC0, 0x00, 0x03, 0x0C, 0x03, 0x00, 0x0C, 0x03,
    0x10, 0x40, 0x11, 0x10, 0x41, 0x11, 0x00, 0x44, 0x44, 0x04, 0x10, 0x00, 0x44, 0x10, 0x10, 0x44,
    0x10, 0x00, 0x40, 0x44, 0x41, 0x11, 0x00, 0x00, 0x01, 0x11, 0x00, 0x01, 0x01, 0x01, 0x15, 0x47,
    0x10, 0x4D, 0x07, 0x35, 0xD3, 0x04, 0xDD, 0x11, 0x11, 0x34, 0xF1, 0x31, 0x11, 0x11, 0x11, 0x05,
    0x11, 0x00, 0x30, 0x00, 0x00, 0xC3, 0x00, 0x00, 0x00, 0x00, 0xC0, 0x03, 0xD1, 0x11, 0x04, 0x04,
    0x10, 0x00, 0x44, 0x00, 0x13, 0x41, 0x04, 0x44, 0x01, 0x04, 0x44, 0x01, 0x04, 0x44, 0x11, 0x01,
    0x10, 0x00, 0x44, 0x11, 0x10, 0x04, 0x41, 0x00, 0x00, 0x11, 0x44, 0x74, 0x4D, 0x10, 0x71, 0x13,
    0x44, 0x40, 0x11, 0x47, 0x4F, 0x4D, 0x13, 0xD3, 0x31, 0x04, 0xC4, 0x41, 0x0C, 0x03, 0x00, 0x30,
    0x00, 0x00, 0x00, 0x00, 0x00, 0x00, 0x00, 0x03, 0x04, 0x10, 0x41, 0x11, 0x04, 0x44, 0x01, 0x11,
    0x00, 0x10, 0x41, 0x11, 0x10, 0x40, 0x01, 0x10, 0x40, 0x11, 0x00, 0x44, 0x04, 0x44, 0x00, 0x00,
    0x44, 0x40, 0x00, 0x10, 0x44, 0x44, 0x5D, 0x11, 0x31, 0x34, 0x44, 0x84, 0x4C, 0x0B, 0x44, 0x78,
    0x74, 0x92, 0x1D, 0x04, 0x44, 0x4D, 0x10, 0xD1, 0x11, 0x30, 0x00, 0x00, 0x30, 0x00, 0x0C, 0x03,
    0x03, 0x00, 0x00, 0xC3, 0x41, 0x04, 0x11, 0x00, 0x41, 0x04, 0x44, 0x04, 0x44, 0x41, 0x30, 0x00,
    0x04, 0x11, 0x10, 0x04, 0x11, 0x00, 0x44, 0x01, 0x00, 0x00, 0x11, 0x11, 0x00, 0x11, 0x10, 0x00,
    0x01, 0x15, 0x11, 0x44, 0xD3, 0x44, 0x74, 0x75, 0xE1, 0x04, 0xDD, 0x11, 0xD1, 0x1D, 0xE2, 0x4B,
    0x4C, 0xD0, 0x44, 0x44, 0x4C, 0x00, 0x0C, 0x00, 0x00, 0x0C, 0x00, 0x30, 0x00, 0x0C, 0x0C, 0x00,
    0x10, 0x41, 0x10, 0x44, 0x10, 0x40, 0x11, 0x10, 0x10, 0x10, 0x11, 0x11, 0x11, 0x00, 0x04, 0x40,
    0x04, 0x44, 0x04, 0x44, 0x11, 0x11, 0x00, 0x04, 0x44, 0x40, 0x01, 0x04, 0x11, 0x47, 0x54, 0x51,
    0x11, 0x11, 0xD1, 0x11, 0x12, 0x03, 0x44, 0x67, 0x46, 0xD1, 0x1C, 0x74, 0xD1, 0x04, 0x4C, 0x4D,
    0x11, 0x10, 0x00, 0x0C, 0x00, 0xC0, 0x00, 0x00, 0x00, 0x00, 0x00, 0x03, 0x04, 0x11, 0x04, 0x11,
    0x04, 0x11, 0x00, 0x44, 0x44, 0x44, 0x41, 0x00, 0x00, 0x44, 0x40, 0x11, 0x10, 0x01, 0x00, 0x10,
    0x40, 0x00, 0x11, 0x00, 0x10, 0x11, 0x00, 0x01, 0x14, 0x54, 0x45, 0x1D, 0x13, 0x47, 0x47, 0x19,
    0x44, 0x4C, 0x91, 0xD1, 0x91, 0x1B, 0x45, 0x21, 0x12, 0x44, 0xD1, 0x34, 0xC4, 0x00, 0xC0, 0x00,
    0x0C, 0x00, 0x30, 0x00, 0x30, 0x00, 0x00, 0x03, 0xC4, 0x00, 0x41, 0x00, 0x41, 0x01, 0x11, 0x01,
    0x01, 0x00, 0x10, 0x44, 0x44, 0x01, 0x11, 0x04, 0x04, 0x40, 0x44, 0x00, 0x04, 0x10, 0x00, 0x11,
    0x04, 0x00, 0x10, 0x41, 0x15, 0x11, 0x53, 0x45, 0xD1, 0x11, 0x19, 0x24, 0x71, 0xC0, 0x46, 0x17,
    0x46, 0x74, 0x6E, 0x47, 0x44, 0xD1, 0x04, 0x41, 0x11, 0x10, 0x00, 0x00, 0x00, 0x00, 0x00, 0x0C,
    0x00, 0xC0, 0xC0, 0xC3, 0x11, 0x11, 0x04, 0x11, 0x10, 0x44, 0x04, 0x44, 0x44, 0x44, 0x44, 0x01,
    0x04, 0x44, 0x04, 0x41, 0x10, 0x44, 0x10, 0x44, 0x40, 0x01, 0x04, 0x00, 0x00, 0x41, 0x00, 0x11,
    0x45, 0x47, 0x11, 0x1D, 0x11, 0x2D, 0xB4, 0x45, 0x91, 0x60, 0x91, 0x76, 0x74, 0x9D, 0x91, 0x1E,
    0x1E, 0x13, 0x44, 0x11, 0x13, 0x30, 0x03, 0x03, 0x00, 0x0C, 0x00, 0xC0, 0x00, 0x00, 0x00, 0x00,
    0x10, 0x40, 0x41, 0x00, 0x04, 0x01, 0x00, 0x00, 0x10, 0x01, 0x01, 0x10, 0x41, 0x01, 0x10, 0x10,
    0x44, 0x01, 0x00, 0x00, 0x04, 0x40, 0x40, 0x04, 0x40, 0x00, 0x04, 0x45, 0x51, 0x14, 0x44, 0xD1,
    0x74, 0x84, 0x44, 0xB4, 0x47, 0x8C, 0x47, 0x64, 0x46, 0x47, 0x77, 0x74, 0x49, 0x34, 0x4D, 0x04,
    0x44, 0x43, 0x00, 0x00, 0x00, 0xC0, 0x0C, 0x00, 0x00, 0x00, 0x00, 0x03, 0x04, 0x11, 0x10, 0x44,
    0x41, 0x10, 0x44, 0x44, 0x44, 0x44, 0x44, 0x11, 0x10, 0x44, 0x04, 0x44, 0x04, 0x40, 0x11, 0x11,
    0x10, 0x10, 0x04, 0x00, 0x04, 0x10, 0x41, 0x14, 0x55, 0x45, 0x13, 0x14, 0x44, 0x43, 0x11, 0x11,
    0xD2, 0x43, 0x1D, 0x1D, 0x9D, 0xD9, 0x1B, 0x49, 0xD3, 0x44, 0x44, 0x44, 0x44, 0x44, 0x00, 0x00,
    0x0C, 0x00, 0x00, 0x00, 0xC3, 0x0C, 0x30, 0x30, 0x41, 0x04, 0x04, 0x11, 0x10, 0x04, 0x11, 0x04,
    0x01, 0x00, 0x01, 0x00, 0x04, 0x01, 0x00, 0x01, 0x10, 0x10, 0x00, 0x00, 0x04, 0x04, 0x40, 0x40,
    0x40, 0x00, 0x04, 0x55, 0x11, 0x1D, 0x11, 0x35, 0x92, 0x1D, 0x23, 0x23, 0x20, 0x11, 0x11, 0x94,
    0x74, 0x77, 0x64, 0x7C, 0x44, 0x4D, 0x31, 0x31, 0x11, 0x00, 0x30, 0x30, 0x00, 0x00, 0xC0, 0x0C,
    0x00, 0x00, 0x00, 0x03, 0x10, 0x41, 0x11, 0x00, 0x04, 0x41, 0x00, 0x41, 0x10, 0x44, 0x44, 0x44,
    0x41, 0x10, 0x44, 0x40, 0x04, 0x01, 0x11, 0x11, 0x01, 0x00, 0x04, 0x04, 0x04, 0x10, 0x45, 0x75,
    0x45, 0x51, 0x20, 0xD1, 0x1C, 0xC4, 0x44, 0x44, 0x44, 0xC0, 0x67, 0x45, 0x91, 0x91, 0x91, 0xD9,
    0x2E, 0x11, 0x13, 0x44, 0x44, 0x71, 0x00, 0x00, 0xC0, 0x0C, 0x00, 0x00, 0x00, 0x00, 0x00, 0x03,
    0x11, 0x10, 0x00, 0x44, 0x41, 0x10, 0x44, 0x10, 0x44, 0x11, 0x10, 0x11, 0x10, 0x44, 0x11, 0x11,
    0x00, 0x40, 0x00, 0x00, 0x40, 0x44, 0x40, 0x40, 0x40, 0x01, 0x14, 0x51, 0x1D, 0x11, 0x04, 0x19,
    0x44, 0x44, 0x84, 0xCC, 0x20, 0x47, 0x11, 0x9D, 0x19, 0x19, 0xDD, 0x21, 0xD1, 0xD2, 0x44, 0x11,
    0x13, 0x10, 0x00, 0x00, 0x00, 0x00, 0x03, 0x00, 0x00, 0xC0, 0x30, 0xC0, 0x00, 0x04, 0x44, 0x10,
    0x44, 0x11, 0x11, 0x04, 0x11, 0x00, 0x44, 0x40, 0x44, 0x04, 0x40, 0x40, 0x44, 0x04, 0x44, 0x44,
    0x10, 0x00, 0x10, 0x04, 0x04, 0x41, 0x45, 0x55, 0x45, 0x44, 0xC3, 0x11, 0x13, 0x46, 0x74, 0x61,
    0xD2, 0x12, 0x77, 0x51, 0x91, 0xDD, 0x76, 0x74, 0xB4, 0xC4, 0xD1, 0x11, 0x11, 0x04, 0x03, 0x00,
    0x03, 0x00, 0x00, 0x00, 0xC0, 0x03, 0x00, 0x03, 0xD1, 0x00, 0x10, 0x44, 0x01, 0x00, 0x40, 0x41,
    0x04, 0x44, 0x10, 0x44, 0x01, 0x10, 0x11, 0x04, 0x00, 0x40, 0x10, 0x00, 0x04, 0x44, 0x04, 0x40,
    0x40, 0x04, 0x55, 0x11, 0x14, 0x71, 0x11, 0x24, 0x60, 0x64, 0x51, 0x14, 0x44, 0x47, 0x45, 0x16,
    0x77, 0x67, 0x64, 0x49, 0x11, 0x91, 0x11, 0x11, 0x11, 0x10, 0xC0, 0x0C, 0x00, 0x00, 0xC0, 0x0C,
    0x00, 0x00, 0x00, 0x03, 0x04, 0x44, 0x44, 0x01, 0x10, 0x44, 0x10, 0x10, 0x40, 0x11, 0x04, 0x04,
    0x44, 0x04, 0x40, 0x40, 0xC4, 0x04, 0x41, 0x11, 0x00, 0x01, 0x10, 0x10, 0x11, 0x04, 0x51, 0x55,
    0x45, 0x52, 0x10, 0xC5, 0xD1, 0x35, 0x19, 0x87, 0x67, 0xD8, 0x51, 0x91, 0x1D, 0x1D, 0xD1, 0xD1,
    0xF8, 0x44, 0x4C, 0x44, 0x44, 0x44, 0x00, 0x00, 0x30, 0x0C, 0x00, 0xC0, 0x03, 0x00, 0x00, 0x03,
    0x40, 0x41, 0x01, 0x10, 0x44, 0x01, 0x04, 0x44, 0x11, 0x00, 0x40, 0x40, 0x41, 0x10, 0x10, 0x04,
    0x13, 0x10, 0x10, 0x00, 0x44, 0x40, 0x04, 0x04, 0x40, 0x45, 0x15, 0xD1, 0x5D, 0x11, 0x12, 0x51,
    0x10, 0x45, 0x91, 0xD1, 0x11, 0x15, 0x19, 0x19, 0xDD, 0x96, 0x59, 0x2F, 0x47, 0x13, 0xD1, 0x11,
    0x11, 0x0C, 0x00, 0x00, 0x00, 0x00, 0x00, 0x00, 0x00, 0x00, 0xC3, 0x03, 0x11, 0x10, 0x44, 0x44,
    0x11, 0x10, 0x41, 0x01, 0x04, 0x44, 0x11, 0x11, 0x10, 0x04, 0x41, 0x00, 0x41, 0x04, 0x04, 0x44,
    0x00, 0x11, 0x11, 0x00, 0x10, 0x04, 0x55, 0x54, 0x45, 0x74, 0x4C, 0x1D, 0x74, 0xD1, 0xDD, 0x19,
    0x1D, 0x21, 0xE1, 0x77, 0x64, 0x45, 0x11, 0xD4, 0x91, 0xF4, 0x44, 0x44, 0x44, 0x44, 0x43, 0x03,
    0x00, 0xC0, 0x0C, 0x00, 0xC0, 0x0C, 0x00, 0x03, 0x04, 0x04, 0x10, 0x04, 0x00, 0x44, 0x10, 0x44,
    0x41, 0x04, 0x40, 0x41, 0x04, 0x40, 0x00, 0x44, 0x10, 0x41, 0x00, 0x01, 0x11, 0x00, 0x40, 0x44,
    0x04, 0x11, 0x74, 0x45, 0x5D, 0x11, 0x11, 0x14, 0x50, 0x86, 0x11, 0xD1, 0xE1, 0x1C, 0x45, 0xD7,
    0x47, 0x67, 0x5B, 0x49, 0x38, 0x48, 0x44, 0x44, 0x44, 0x13, 0x00, 0x00, 0x00, 0x00, 0xC0, 0x00,
    0x00, 0xC0, 0x00, 0x03, 0x41, 0x11, 0x04, 0x41, 0x11, 0x01, 0x04, 0x10, 0x10, 0x41, 0x11, 0x10,
    0x44, 0x11, 0x10, 0x01, 0x04, 0x10, 0x44, 0x40, 0x04, 0x10, 0x04, 0x01, 0x00, 0x14, 0x55, 0x54,
    0x51, 0x61, 0x10, 0x46, 0x47, 0x11, 0xD1, 0x11, 0x1C, 0x4D, 0x1D, 0x91, 0x64, 0x75, 0x9D, 0x1F,
    0x77, 0xD1, 0x11, 0x1D, 0x11, 0x34, 0x00, 0x00, 0x0C, 0x00, 0x00, 0x30, 0x00, 0x00, 0x00, 0xC3,
    0x10, 0x00, 0x41, 0x10, 0x40, 0x44, 0x41, 0x04, 0x44, 0x10, 0x04, 0x04, 0x41, 0x00, 0x04, 0x40,
    0x40, 0x00, 0x00, 0x11, 0x01, 0x04, 0x40, 0x40, 0x44, 0x05, 0x11, 0x45, 0xD5, 0x11, 0x24, 0xE1,
    0x59, 0x07, 0x44, 0x7B, 0x44, 0x80, 0x87, 0x57, 0x47, 0x45, 0xD1, 0x9D, 0x11, 0x21, 0x24, 0x44,
    0x44, 0x41, 0x0C, 0x0C, 0x00, 0x00, 0x00, 0x00, 0x30, 0x00, 0xC0, 0x00, 0x04, 0x44, 0x04, 0x04,
    0x04, 0x00, 0x40, 0x41, 0x01, 0x04, 0x41, 0x10, 0x10, 0x10, 0x40, 0x10, 0x11, 0x11, 0x11, 0x00,
    0x44, 0x00, 0x10, 0x11, 0x00, 0x04, 0x55, 0x55, 0x45, 0x44, 0x4C, 0x47, 0x44, 0x48, 0x4B, 0x44,
    0x74, 0x4C, 0x45, 0x19, 0x74, 0x67, 0x5B, 0x44, 0xB8, 0x44, 0x47, 0x44, 0x44, 0x11, 0x00, 0x00,
    0x00, 0x30, 0x30, 0x00, 0x00, 0x0C, 0x00, 0x03, 0xC1, 0x01, 0x01, 0x01, 0x01, 0x10, 0x11, 0x10,
    0x44, 0x40, 0x40, 0x44, 0x41, 0x00, 0x11, 0x04, 0x00, 0x41, 0x04, 0x44, 0x11, 0x11, 0x04, 0x40,
    0x44, 0x05, 0x14, 0x51, 0x58, 0x53, 0x11, 0x14, 0x5D, 0x34, 0x74, 0x74, 0x46, 0x40, 0xD1, 0x91,
    0xD9, 0xD9, 0xD1, 0x1D, 0xD1, 0xFD, 0x11, 0x11, 0x11, 0x13, 0x00, 0x00, 0x30, 0x00, 0x00, 0x30,
    0x00, 0xC0, 0x03, 0x03, 0x44, 0x44, 0x44, 0x44, 0x44, 0x04, 0x40, 0x04, 0x00, 0x11, 0x11, 0x00,
    0x00, 0x11, 0x00, 0x41, 0x11, 0x10, 0x40, 0x01, 0x00, 0x00, 0x40, 0x11, 0x00, 0x04, 0x55, 0x57,
    0x45, 0x44, 0x44, 0x35, 0xD1, 0xC4, 0x84, 0x45, 0xD1, 0x32, 0x34, 0x56, 0x44, 0x45, 0xD7, 0x78,
    0x44, 0x93, 0xF4, 0x74, 0x44, 0x44, 0x03, 0x03, 0x00, 0x00, 0x03, 0x00, 0x30, 0x00, 0x00, 0x03,
    0x00, 0x10, 0x00, 0x10, 0x11, 0x11, 0x11, 0x41, 0x11, 0x04, 0x00, 0x44, 0x41, 0x00, 0x44, 0x10,
    0x10, 0x04, 0x11, 0x10, 0x44, 0x44, 0x04, 0x40, 0x40, 0x05, 0xD1, 0x45, 0x54, 0x71, 0x12, 0x11,
    0x65, 0x11, 0x1D, 0x91, 0x1D, 0x10, 0x46, 0xD1, 0x67, 0x67, 0x44, 0x91, 0xED, 0x34, 0x44, 0x44,
    0x44, 0xC4, 0x40, 0x00, 0x00, 0xC3, 0x00, 0x00, 0x00, 0x00, 0xC0, 0x03, 0xD1, 0x04, 0x44, 0x44,
    0x40, 0x40, 0x40, 0x10, 0x44, 0x41, 0x11, 0x00, 0x00, 0x10, 0x01, 0x04, 0x44, 0x41, 0x00, 0x44,
    0x00, 0x00, 0x40, 0x11, 0x04, 0x01, 0x55, 0x54, 0x45, 0x54, 0x84, 0x07, 0x47, 0x74, 0x64, 0x45,
    0x92, 0x30, 0xD1, 0x17, 0x47, 0x47, 0x67, 0x47, 0x84, 0x84, 0x87, 0x44, 0x74, 0x4C, 0x00, 0x00,
    0x00, 0x00, 0x00, 0x03, 0x00, 0x0C, 0x00, 0xC0, 0x04, 0x40, 0x10, 0x00, 0x11, 0x11, 0x11, 0x11,
    0x01, 0x10, 0x40, 0x44, 0x11, 0x04, 0x44, 0x40, 0x00, 0x10, 0x44, 0x00, 0x44, 0x40, 0x11, 0x00,
    0x00, 0x04, 0x45, 0x15, 0x5D, 0x11, 0x11, 0x34, 0x55, 0x11, 0xD4, 0x5D, 0xD1, 0x13, 0x19, 0x76,
    0x74, 0x64, 0x44, 0xB8, 0x7D, 0xD2, 0x44, 0x44, 0x44, 0x44, 0x00, 0x30, 0x30, 0x00, 0x0C, 0x00,
    0x00, 0xC0, 0x00, 0x03, 0x10, 0x11, 0x04, 0x44, 0x40, 0x10, 0x11, 0x04, 0x44, 0x04, 0x11, 0x00,
    0x00, 0x40, 0x40, 0x11, 0x11, 0x04, 0x01, 0x10, 0x00, 0x04, 0x00, 0x11, 0x11, 0x00, 0x55, 0x51,
    0x14, 0x55, 0x13, 0x49, 0x74, 0x6D, 0x17, 0xD9, 0x47, 0x00, 0x84, 0x44, 0x76, 0xD1, 0x9D, 0xD1,
    0x12, 0x3C, 0xD1, 0x11, 0x11, 0x10, 0xC3, 0x00, 0x00, 0x03, 0x00, 0x30, 0x0C, 0x00, 0x0C, 0x03,
    0x04, 0x00, 0x40, 0x10, 0x11, 0x04, 0x40, 0x40, 0x11, 0x11, 0x00, 0x01, 0x10, 0x10, 0x11, 0x00,
    0x04, 0x41, 0x10, 0x04, 0x44, 0x41, 0x11, 0x00, 0x00, 0x00, 0x11, 0x15, 0x75, 0xD1, 0x91, 0x04,
    0x59, 0x11, 0x45, 0x11, 0x71, 0x43, 0x1D, 0xD9, 0xD1, 0x19, 0xD2, 0x1E, 0xDD, 0x11, 0x31, 0x11,
    0x10, 0x44, 0x00, 0x00, 0x00, 0xC0, 0x00, 0x00, 0x00, 0x00, 0xC0, 0x03, 0xC1, 0x11, 0x04, 0x44,
    0x00, 0x40, 0x11, 0x11, 0x00, 0x41, 0x11, 0x10, 0x04, 0x04, 0x00, 0x44, 0x40, 0x10, 0x04, 0x40,
    0x00, 0x00, 0x10, 0x51, 0x01, 0x00, 0x45, 0x57, 0x55, 0x14, 0x44, 0x45, 0xD1, 0x11, 0x99, 0x17,
    0x52, 0x30, 0x44, 0x47, 0x46, 0x74, 0x77, 0x44, 0x48, 0x78, 0x44, 0x44, 0x44, 0x40, 0x00, 0x03,
    0x00, 0x00, 0x00, 0x00, 0xC0, 0x0C, 0x00, 0x03, 0x44, 0x10, 0x40, 0x01, 0x11, 0x11, 0x00, 0x04,
    0x11, 0x10, 0x00, 0x01, 0x01, 0x01, 0x11, 0x01, 0x11, 0x04, 0x40, 0x11, 0x11, 0x11, 0x00, 0x14,
    0x00, 0x10, 0x11, 0x45, 0x51, 0x51, 0x77, 0x47, 0x54, 0x47, 0x74, 0x46, 0x14, 0x48, 0xD1, 0x9D,
    0x1D, 0x1D, 0x11, 0xED, 0x1D, 0x21, 0x12, 0x11, 0x11, 0x13, 0x00, 0x30, 0x0C, 0x00, 0xC3, 0x00,
    0x00, 0xC0, 0x00, 0xC3, 0x11, 0x04, 0x11, 0x44, 0x44, 0x04, 0x44, 0x41, 0x00, 0x04, 0x44, 0x10,
    0x10, 0x40, 0x10, 0x50, 0x10, 0x41, 0x11, 0x00, 0x00, 0x00, 0x44, 0x44, 0x04, 0x00, 0x04, 0x55,
    0x15, 0x47, 0x44, 0x65, 0x12, 0x24, 0x57, 0x75, 0x44, 0x43, 0x24, 0x74, 0x61, 0xD1, 0xE4, 0x44,
    0xB2, 0xD3, 0x84, 0x4F, 0x4C, 0x40, 0x0C, 0x00, 0x00, 0x0C, 0x00, 0x0C, 0x00, 0x00, 0x0C, 0x00,
    0x00, 0x41, 0x10, 0x10, 0x01, 0x10, 0x04, 0x10, 0x44, 0x40, 0x00, 0x03, 0x00, 0x11, 0x05, 0x11,
    0x04, 0x10, 0x00, 0x44, 0x44, 0x44, 0x00, 0x10, 0x00, 0x31, 0x01, 0x15, 0x57, 0x55, 0x55, 0x11,
    0x64, 0x45, 0x11, 0x12, 0x77, 0x84, 0x11, 0x46, 0x47, 0x47, 0x4B, 0xBD, 0x1D, 0x34, 0x4C, 0x44,
    0x44, 0x4C, 0x00, 0x00, 0x00, 0x00, 0x00, 0x00, 0x0C, 0x00, 0xC0, 0x03, 0x44, 0x10, 0x44, 0x44,
    0x44, 0x04, 0x01, 0x04, 0x01, 0x11, 0x11, 0x04, 0x11, 0x00, 0x41, 0x50, 0x01, 0x04, 0x44, 0x00,
    0x00, 0x00, 0x40, 0x44, 0x44, 0x00, 0x40, 0x11, 0x15, 0x44, 0x47, 0x55, 0x01, 0x11, 0xD9, 0x24,
    0x51, 0x43, 0x37, 0x61, 0x1D, 0x2B, 0x74, 0x44, 0xB1, 0x13, 0x11, 0x31, 0x10, 0x00, 0x00, 0x0C,
    0x30, 0xC0, 0x0C, 0x00, 0xC0, 0x0C, 0x00, 0x03, 0x04, 0x44, 0x01, 0x01, 0x01, 0x10, 0x04, 0x41,
    0x10, 0x01, 0x00, 0x40, 0x40, 0x10, 0x01, 0x14, 0x10, 0x41, 0x04, 0x44, 0x44, 0x40, 0x10, 0x10,
    0x00, 0x10, 0x54, 0x11, 0x51, 0x55, 0x51, 0x47, 0x53, 0xD1, 0x11, 0xC7, 0x44, 0x50, 0x44, 0x47,
    0x74, 0x74, 0x44, 0x7D, 0x1E, 0x2D, 0x23, 0x44, 0x11, 0x10, 0x30, 0xC0, 0x00, 0x00, 0xC0, 0x30,
    0x00, 0xC0, 0x00, 0xC3, 0xC0, 0x01, 0x10, 0x44, 0x44, 0x04, 0x11, 0x10, 0x04, 0x50, 0x44, 0x10,
    0x04, 0x04, 0x40, 0x40, 0x04, 0x10, 0x40, 0x10, 0x00, 0x04, 0x04, 0x41, 0x11, 0x00, 0x14, 0x04,
    0x55, 0x11, 0x17, 0x51, 0x34, 0x47, 0x47, 0x51, 0x1D, 0x38, 0x49, 0x1D, 0x11, 0xD1, 0xED, 0x21,
    0x21, 0xC4, 0x84, 0x11, 0x31, 0x00, 0x00, 0x00, 0x00, 0x0C, 0x00, 0x00, 0x00, 0x00, 0x30, 0x03,
    0x11, 0x10, 0x04, 0x00, 0x01, 0x10, 0x04, 0x44, 0x41, 0x04, 0x11, 0x04, 0x41, 0x10, 0x10, 0x44,
    0x41, 0x04, 0x11, 0x04, 0x44, 0x41, 0x00, 0x10, 0x00, 0x00, 0x45, 0x41, 0x31, 0x55, 0x75, 0x14,
    0x41, 0x12, 0x1D, 0x13, 0x13, 0x11, 0x11, 0xD1, 0x24, 0xB4, 0x44, 0x74, 0x93, 0x4F, 0x44, 0x43,
    0x44, 0x00, 0x00, 0x00, 0xC0, 0xC0, 0x03, 0x00, 0xC0, 0x03, 0x00, 0x03, 0x10, 0x44, 0x41, 0x11,
    0x10, 0x04, 0x01, 0x00, 0x10, 0x01, 0x00, 0x00, 0x00, 0x04, 0x41, 0x04, 0x10, 0x41, 0x00, 0x40,
    0x00, 0x10, 0x44, 0x04, 0x44, 0x40, 0x00, 0x10, 0x14, 0x74, 0x51, 0x51, 0x91, 0x24, 0x74, 0x75,
    0xD1, 0x32, 0xD2, 0x12, 0x47, 0x46, 0xD2, 0xCB, 0x34, 0xD1, 0x33, 0x11, 0x10, 0xC3, 0x03, 0x0C,
    0x00, 0x00, 0x30, 0x0C, 0x03, 0x00, 0x00, 0xC3, 0x11, 0x04, 0x44, 0x10, 0x44, 0x41, 0x00, 0x11,
    0x04, 0x44, 0x44, 0x44, 0x44, 0x40, 0x10, 0x11, 0x04, 0x10, 0x44, 0x11, 0x11, 0x00, 0x01, 0x10,
    0x00, 0x10, 0x03, 0x00, 0x05, 0x55, 0x15, 0x15, 0x1D, 0x11, 0x11, 0x12, 0x19, 0x11, 0x11, 0xD1,
    0x12, 0x74, 0x47, 0x44, 0x4D, 0x23, 0x44, 0x43, 0x04, 0x00, 0x00, 0x00, 0x0C, 0x03, 0x00, 0x00,
    0x00, 0x0C, 0x0C, 0x03, 0x04, 0x41, 0x04, 0x44, 0x11, 0x10, 0x41, 0x00, 0x40, 0x40, 0x10, 0x00,
    0x00, 0x11, 0x04, 0x00, 0x41, 0x04, 0x01, 0x00, 0x40, 0x44, 0x40, 0x04, 0x44, 0x04, 0x10, 0x11,
    0x00, 0x44, 0x51, 0x51, 0x51, 0x11, 0x1D, 0x1D, 0x11, 0x23, 0x44, 0xC4, 0xB4, 0x47, 0x74, 0x44,
    0x71, 0x11, 0x21, 0x34, 0x40, 0x00, 0x30, 0x00, 0x00, 0x00, 0x00, 0xC0, 0x30, 0x00, 0x00, 0x03,
    0x40, 0x44, 0x41, 0x01, 0x00, 0x04, 0x00, 0x44, 0x11, 0x11, 0x04, 0x44, 0x44, 0x40, 0x41, 0x10,
    0x10, 0x41, 0x10, 0x44, 0x10, 0x00, 0x11, 0x10, 0x00, 0x40, 0x01, 0x00, 0x00, 0x15, 0x15, 0x15,
    0x11, 0x31, 0x31, 0x21, 0x1D, 0x11, 0x2D, 0x11, 0x31, 0xD1, 0x12, 0x12, 0x12, 0x38, 0x44, 0x10,
    0x44, 0x03, 0x00, 0x30, 0xC0, 0x30, 0x0C, 0x03, 0x00, 0xC0, 0x00, 0x03, 0x11, 0x01, 0x10, 0x44,
    0x44, 0x41, 0x10, 0x01, 0x00, 0x04, 0x40, 0x00, 0x00, 0x10, 0x10, 0x04, 0x41, 0x10, 0x04, 0x01,
    0x04, 0x44, 0x00, 0x4C, 0x40, 0x04, 0x10, 0x03, 0x10, 0x01, 0x51, 0x74, 0x5D, 0x13, 0x44, 0x44,
    0x44, 0x44, 0x44, 0x4B, 0x44, 0xD1, 0xE4, 0x44, 0x44, 0x44, 0x4D, 0x04, 0x00, 0x30, 0x00, 0x00,
    0x00, 0x00, 0x00, 0x00, 0x00, 0x03, 0x0C, 0x33, 0x00, 0x40, 0x04, 0x00, 0x01, 0x10, 0x04, 0x44,
    0x44, 0x41, 0x11, 0x11, 0x11, 0x04, 0x41, 0x10, 0x44, 0x04, 0x41, 0x10, 0x40, 0x01, 0x11, 0x04,
    0x11, 0x00, 0x00, 0xC4, 0x01, 0x00, 0x14, 0x51, 0x44, 0x44, 0x13, 0x11, 0xD1, 0x23, 0x33, 0x10,
    0x4D, 0x04, 0x44, 0xF3, 0xCD, 0x11, 0x10, 0x41, 0x10, 0x00, 0x03, 0x00, 0x0C, 0x03, 0x00, 0xC0,
    0x30, 0x00, 0x00, 0x03, 0xD0, 0x11, 0x01, 0x11, 0x10, 0x04, 0x40, 0x00, 0x01, 0x10, 0x00, 0x00,
    0x00, 0x40, 0x10, 0x44, 0x01, 0x10, 0x44, 0x04, 0x04, 0x40, 0x04, 0x41, 0x00, 0x13, 0x10, 0x00,
    0x10, 0x00, 0x04, 0x45, 0x15, 0x1D, 0x11, 0x33, 0x32, 0xD1, 0x11, 0x04, 0x10, 0x4C, 0x44, 0x44,
    0x44, 0x44, 0x44, 0xCC, 0x00, 0x00, 0x30, 0x03, 0x00, 0x30, 0x0C, 0x03, 0x00, 0xC0, 0x00, 0x03,
    0x04, 0x44, 0x44, 0x11, 0x04, 0x41, 0x04, 0x44, 0x40, 0x04, 0x44, 0x44, 0x44, 0x11, 0x04, 0x01,
    0x10, 0x04, 0x01, 0x00, 0x40, 0x11, 0x10, 0x10, 0x44, 0x00, 0x04, 0x41, 0x00, 0x41, 0x01, 0x51,
    0x44, 0x51, 0x44, 0x51, 0x10, 0x04, 0xC4, 0xCC, 0x4C, 0xC4, 0x47, 0x44, 0x47, 0x77, 0x44, 0x44,
    0x40, 0x30, 0x00, 0x00, 0x00, 0x00, 0x00, 0x00, 0x00, 0x03, 0x0C, 0x03, 0x41, 0x00, 0x01, 0x04,
    0x41, 0x10, 0x40, 0x00, 0x11, 0x10, 0x10, 0x01, 0x01, 0x00, 0x41, 0x10, 0x44, 0x41, 0x10, 0x44,
    0x11, 0x00, 0x04, 0x4C, 0x01, 0x04, 0x40, 0x00, 0x04, 0x00, 0x00, 0x14, 0x51, 0x45, 0x15, 0x1D,
    0x24, 0x71, 0x13, 0x44, 0x34, 0x44, 0x74, 0x45, 0x14, 0x44, 0x5D, 0x10, 0x03, 0x00, 0x00, 0xC0,
    0x0C, 0x00, 0xC0, 0xC0, 0x30, 0x30, 0x00, 0x33, 0x10, 0x44, 0x44, 0x40, 0x10, 0x04, 0x11, 0x11,
    0x04, 0x04, 0x44, 0x44, 0x40, 0x44, 0x10, 0x04, 0x01, 0x10, 0x04, 0x01, 0x00, 0x44, 0x40, 0x11,
    0x10, 0x40, 0x04, 0x10, 0x40, 0x10, 0x00, 0x04, 0x45, 0x14, 0x51, 0x74, 0x51, 0x44, 0x44, 0x44,
    0x44, 0x51, 0x11, 0x51, 0x45, 0x55, 0xD4, 0x40, 0x00, 0x00, 0xC0, 0x00, 0xC0, 0x30, 0x00, 0x03,
    0x00, 0x00, 0x00, 0x03, 0x04, 0x10, 0x40, 0x11, 0x04, 0x41, 0x04, 0x44, 0x41, 0x10, 0x40, 0x10,
    0x11, 0x01, 0x04, 0x41, 0x10, 0x04, 0x41, 0x10, 0x44, 0x01, 0x04, 0x40, 0x04, 0x04, 0x40, 0x00,
    0x04, 0x01, 0x04, 0x01, 0x11, 0x45, 0x1D, 0x15, 0x17, 0x74, 0xD1, 0x1D, 0x11, 0x14, 0x54, 0x44,
    0x5D, 0x1D, 0x45, 0x10, 0xC0, 0x0C, 0x00, 0x0C, 0x00, 0x00, 0x0C, 0x00, 0x03, 0x03, 0x0C, 0x03,
    0x41, 0x04, 0x11, 0x04, 0x40, 0x44, 0x40, 0x10, 0x10, 0x44, 0x11, 0x04, 0x40, 0x40, 0x40, 0x10,
    0x04, 0x41, 0x10, 0x04, 0x01, 0x10, 0x40, 0x11, 0x10, 0x40, 0x04, 0x11, 0x00, 0xC0, 0x00, 0x00,
    0x10, 0x44, 0x44, 0x44, 0x4C, 0x44, 0x4D, 0x11, 0x31, 0x11, 0x45, 0x15, 0x15, 0x54, 0x54, 0x00,
    0x03, 0x00, 0x0C, 0x00, 0x03, 0x00, 0xC0, 0x30, 0x30, 0x00, 0x00, 0x03, 0x04, 0x11, 0x00, 0x40,
    0x11, 0x00, 0x11, 0x04, 0x44, 0x01, 0x00, 0x40, 0x10, 0x11, 0x34, 0x44, 0x41, 0x10, 0x04, 0x40,
    0x44, 0x04, 0x11, 0x00, 0x44, 0x11, 0x01, 0x00, 0x10, 0x10, 0x40, 0x00, 0x00, 0x41, 0x01, 0x11,
    0x14, 0x47, 0x44, 0xC4, 0x50, 0x45, 0x11, 0x44, 0x51, 0x15, 0x44, 0x00, 0x00, 0x00, 0x00, 0x00,
    0x30, 0x0C, 0x00, 0x00, 0x00, 0x30, 0x00, 0xC3, 0xC1, 0x00, 0x44, 0x11, 0x00, 0x44, 0x40, 0x40,
    0x01, 0x10, 0x44, 0x04, 0x44, 0x40, 0x40, 0x01, 0x10, 0x04, 0x40, 0x04, 0x01, 0x11, 0x00, 0x44,
    0x01, 0x00, 0x40, 0x44, 0x01, 0x00, 0x04, 0x10, 0x00, 0x00, 0x00, 0x34, 0x47, 0x74, 0x64, 0x42,
    0x15, 0x31, 0x74, 0x55, 0x15, 0x44, 0x40, 0x10, 0xC0, 0x0C, 0x00, 0xC3, 0x00, 0x00, 0x0C, 0x03,
    0x03, 0x00, 0xC0, 0x03, 0x10, 0x44, 0x01, 0x04, 0x44, 0x01, 0x04, 0x04, 0x40, 0x04, 0x01, 0x10,
    0x04, 0x11, 0x34, 0x44, 0x04, 0x40, 0x11, 0x11, 0x10, 0x00, 0x44, 0x00, 0x40, 0x44, 0x10, 0x01,
    0x10, 0x11, 0x00, 0x00, 0x10, 0x00, 0x10, 0x07, 0x74, 0x46, 0x16, 0x74, 0x41, 0xD0, 0x04, 0x01,
    0x10, 0x10, 0x00, 0x00, 0x03, 0x00, 0x30, 0x00, 0x00, 0xC0, 0x00, 0x30, 0x00, 0x00, 0x00, 0x03,
    0x10, 0x11, 0x10, 0x40, 0x11, 0x10, 0x41, 0x10, 0x11, 0x11, 0x10, 0x04, 0x41, 0x00, 0x40, 0x41,
    0x00, 0x11, 0x00, 0x40, 0x44, 0x44, 0x01, 0x11, 0x10, 0x01, 0x04, 0x40, 0x01, 0x00, 0x10, 0x41,
    0x00, 0x30, 0x00, 0xC0, 0x46, 0x61, 0x74, 0x47, 0x48, 0x40, 0x40, 0x40, 0x00, 0x00, 0x10, 0x00,
    0x00, 0x00, 0x00, 0x00, 0x0C, 0x03, 0x03, 0x00, 0x30, 0x30, 0x0C, 0x33, 0x04, 0x40, 0x44, 0x11,
    0x00, 0x04, 0x10, 0x04, 0x41, 0x00, 0x44, 0x41, 0x10, 0x44, 0x11, 0x10, 0x44, 0x40, 0x44, 0x11,
    0x00, 0x01, 0x10, 0x00, 0x04, 0x40, 0x40, 0x11, 0x10, 0x13, 0x00, 0x00, 0x00, 0x00, 0x00, 0x00,
    0xD3, 0x1F, 0x1D, 0xD2, 0x11, 0x14, 0x00, 0x00, 0x00, 0x03, 0x00, 0xC3, 0x00, 0x0C, 0x00, 0xC3,
    0x00, 0x00, 0x00, 0x03, 0x00, 0x00, 0xC0, 0x03, 0x40, 0x10, 0x01, 0x04, 0x44, 0x41, 0x04, 0x40,
    0x10, 0x44, 0x01, 0x10, 0x04, 0x01, 0x00, 0x04, 0x01, 0x11, 0x01, 0x00, 0x44, 0x40, 0x04, 0x44,
    0x40, 0x10, 0x04, 0x00, 0x01, 0x00, 0x44, 0x43, 0x00, 0x01, 0x0C, 0x04, 0x01, 0x11, 0x46, 0x11,
    0xD1, 0x04, 0x00, 0x03, 0x0C, 0x30, 0x00, 0x00, 0x0C, 0x00, 0x0C, 0x00, 0x00, 0x30, 0x30, 0x30,
    0x03, 0x00, 0x00, 0x03, 0x11, 0x04, 0x44, 0x40, 0x01, 0x10, 0x40, 0x11, 0x04, 0x01, 0x10, 0x04,
    0x43, 0x10, 0x44, 0x41, 0x10, 0x00, 0x40, 0x44, 0x00, 0x11, 0x10, 0x00, 0x11, 0x01, 0x01, 0x11,
    0x10, 0x10, 0x00, 0x04, 0x03, 0x00, 0x00, 0x00, 0x00, 0x0C, 0x74, 0x67, 0x47, 0x44, 0x0C, 0x30,
    0x00, 0x00, 0x0C, 0x00, 0x00, 0xC0, 0xC0, 0x00, 0x0C, 0x00, 0x00, 0x00, 0x30, 0x0C, 0x0C, 0x33,
    0x00, 0x40, 0x00, 0x11, 0x10, 0x04, 0x11, 0x04, 0x41, 0x10, 0x04, 0x40, 0x10, 0x44, 0x00, 0x10,
    0x04, 0x44, 0x10, 0x01, 0x11, 0x04, 0x04, 0x44, 0x40, 0x10, 0x40, 0x00, 0x04, 0x04, 0x44, 0x40,
    0x30, 0x00, 0x00, 0xC0, 0x00, 0x00, 0x01, 0x11, 0x58, 0x4C, 0xC0, 0x00, 0x00, 0x03, 0x00, 0x30,
    0xC0, 0x00, 0x00, 0x30, 0xC0, 0x03, 0x03, 0x03, 0x00, 0x00, 0x00, 0x03, 0xD0, 0x11, 0x11, 0x00,
    0x04, 0x40, 0x00, 0x00, 0x10, 0x04, 0x40, 0x11, 0x04, 0x01, 0x11, 0x04, 0x40, 0x01, 0x04, 0x40,
    0x00, 0x41, 0x00, 0x10, 0x04, 0x41, 0x11, 0x11, 0x01, 0x00, 0x00, 0x0C, 0x00, 0x0C, 0x0C, 0x03,
    0x0C, 0x00, 0x00, 0x04, 0x04, 0xD0, 0x00, 0x03, 0x0C, 0x30, 0x00, 0x00, 0x00, 0x0C, 0x03, 0x00,
    0x00, 0x30, 0x00, 0x00, 0x03, 0x03, 0x00, 0x03, 0x04, 0x40, 0x00, 0x44, 0x40, 0x11, 0x11, 0x11,
    0x04, 0x40, 0x44, 0x04, 0x41, 0x10, 0x00, 0x40, 0x04, 0x40, 0x40, 0x11, 0x11, 0x10, 0x44, 0x04,
    0x40, 0x10, 0x00, 0x00, 0x40, 0x44, 0x44, 0x10, 0x00, 0x40, 0x00, 0x00, 0x00, 0x10, 0xC0, 0x00,
    0x00, 0x00, 0x0C, 0x30, 0x00, 0x00, 0x0C, 0x00, 0x0C, 0x00, 0x30, 0x00, 0x0C, 0x00, 0x30, 0x30,
    0x30, 0x00, 0x0C, 0x33, 0xC0, 0x11, 0x11, 0x01, 0x11, 0x01, 0x04, 0x10, 0x41, 0x11, 0x01, 0x10,
    0x10, 0x44, 0x44, 0x11, 0x10, 0x10, 0x11, 0x00, 0x40, 0x04, 0x01, 0x00, 0x11, 0x01, 0x11, 0x10,
    0x10, 0x00, 0x00, 0x00, 0x40, 0x00, 0xC0, 0x30, 0x00, 0x00, 0x03, 0x00, 0x00, 0x03, 0x00, 0x00,
    0x00, 0x00, 0xC0, 0x30, 0xC0, 0x00, 0x00, 0x0C, 0x00, 0x03, 0x00, 0x00, 0x00, 0x30, 0x00, 0x03,
    0x11, 0x00, 0x40, 0x44, 0x00, 0x44, 0x41, 0x04, 0x10, 0x00, 0x44, 0x04, 0x44, 0x01, 0x01, 0x04,
    0x04, 0x04, 0x40, 0x44, 0x11, 0x00, 0x40, 0x44, 0x40, 0x10, 0x00, 0x04, 0x04, 0x44, 0x44, 0x40,
    0x00, 0x00, 0x03, 0x00, 0xC3, 0x00, 0x30, 0x0C, 0x30, 0xC0, 0x00, 0x03, 0x0C, 0x30, 0x00, 0x00,
    0x00, 0xC3, 0x00, 0xC0, 0x00, 0xC0, 0x03, 0x03, 0x03, 0x00, 0xC0, 0x03, 0x10, 0x44, 0x11, 0x01,
    0x11, 0x00, 0x10, 0x41, 0x04, 0x44, 0x41, 0x10, 0x01, 0x10, 0x44, 0x11, 0x01, 0x01, 0x11, 0x01,
    0x00, 0x44, 0x11, 0x00, 0x11, 0x01, 0x11, 0x01, 0x00, 0x00, 0x00, 0x00, 0x00, 0x30, 0x00, 0x00,
    0x00, 0x0C, 0x00, 0xC0, 0x00, 0x00, 0x30, 0xC0, 0x00, 0x00, 0x03, 0x00, 0x00, 0x00, 0x0C, 0x00,
    0xC0, 0x00, 0x30, 0x00, 0x00, 0x00, 0x03, 0x03, 0x04, 0x01, 0x00, 0x40, 0x40, 0x44, 0x44, 0x10,
    0x40, 0x41, 0x10, 0x04, 0x44, 0x04, 0x01, 0x00, 0x40, 0x10, 0x00, 0x10, 0x44, 0x01, 0x00, 0x44,
    0x00, 0x40, 0x00, 0x40, 0x44, 0x44, 0x41, 0x04, 0x0C, 0x00, 0xC0, 0x30, 0x00, 0xC0, 0x00, 0x00,
    0xC0, 0x0C, 0x00, 0x00, 0x00, 0x03, 0x00, 0x0C, 0x30, 0x00, 0x00, 0x00, 0x03, 0x03, 0x00, 0x30,
    0x30, 0x30, 0x00, 0x03, 0xC1, 0x10, 0x10, 0x10, 0x04, 0x00, 0x00, 0x04, 0x10, 0x10, 0x04, 0x40,
    0x41, 0x11, 0x10, 0x44, 0x00, 0x00, 0x41, 0x04, 0x01, 0x10, 0x44, 0x01, 0x10, 0x11, 0x10, 0x10,
    0x00, 0x00, 0x00, 0x00, 0x00, 0x00, 0x03, 0x00, 0x40, 0x00, 0xC0, 0x0C, 0x03, 0x00, 0x00, 0x0C,
    0x30, 0xC0, 0x0C, 0x00, 0x00, 0xC3, 0x00, 0x30, 0x30, 0x00, 0x03, 0x00, 0x00, 0x00, 0xC0, 0x33,
    0x10, 0x04, 0x44, 0x04, 0x41, 0x11, 0x11, 0x11, 0x04, 0x44, 0x40, 0x11, 0x10, 0x40, 0x44, 0x01,
    0x04, 0x00, 0x04, 0x40, 0x40, 0x04, 0x01, 0x10, 0x04, 0x40, 0x04, 0x04, 0x41, 0x04, 0x11, 0x00,
    0x00, 0x30, 0x00, 0x00, 0x03, 0x00, 0x03, 0x00, 0x00, 0x00, 0xC3, 0x00, 0x00, 0x00, 0x00, 0x00,
    0x0C, 0x00, 0x0C, 0x00, 0x00, 0x30, 0x30, 0x03, 0x03, 0x00, 0x03, 0x03, 0x11, 0x10, 0x01, 0x10,
    0x10, 0x04, 0x10, 0x40, 0x41, 0x01, 0x11, 0x04, 0x04, 0x11, 0x00, 0x40, 0x00, 0x11, 0x00, 0x10,
    0x11, 0x01, 0x10, 0x04, 0x40, 0x11, 0x01, 0x00, 0x04, 0x00, 0x00, 0x10, 0xC3, 0x00, 0xC0, 0x30,
    0x00, 0x0C, 0x00, 0x00, 0xC0, 0xC0, 0x00, 0x00, 0x03, 0x03, 0x03, 0x0C, 0x00, 0x00, 0xC0, 0x03,
    0x03, 0x00, 0x00, 0x30, 0x00, 0x0C, 0x00, 0x03, 0x00, 0x04, 0x40, 0x04, 0x44, 0x41, 0x04, 0x11,
    0x10, 0x44, 0x04, 0x41, 0x11, 0x00, 0x44, 0x04, 0x41, 0x00, 0x44, 0x04, 0x00, 0x40, 0x04, 0x40,
    0x11, 0x00, 0x40, 0x44, 0x40, 0x44, 0x41, 0x00, 0x00, 0x00, 0x03, 0x00, 0xC0, 0xC0, 0x30, 0x30,
    0x00, 0x03, 0x00, 0xC3, 0x00, 0x00, 0x30, 0x00, 0xC0, 0xC0, 0x00, 0xC0, 0x00, 0x03, 0x03, 0x00,
    0x30, 0x00, 0x30, 0x03, 0xD1, 0x10, 0x11, 0x10, 0x00, 0x10, 0x41, 0x04, 0x04, 0x01, 0x10, 0x10,
    0x40, 0x44, 0x01, 0x01, 0x10, 0x44, 0x01, 0x01, 0x10, 0x11, 0x00, 0x11, 0x00, 0x44, 0x10, 0x00,
    0x04, 0x00, 0x00, 0x00, 0x00, 0x30, 0x00, 0x00, 0x00, 0x00, 0x00, 0x00, 0x30, 0x30, 0x0C, 0x00,
    0x30, 0x30, 0x00, 0x0C, 0x00, 0x03, 0x0C, 0x00, 0xC0, 0x30, 0x00, 0x03, 0x00, 0xC0, 0x00, 0xC3,
    0x00, 0x04, 0x00, 0x44, 0x44, 0x41, 0x10, 0x41, 0x11, 0x10, 0x44, 0x44, 0x11, 0x01, 0x10, 0x40,
    0x04, 0x01, 0x10, 0x40, 0x04, 0x40, 0x44, 0x00, 0x44, 0x01, 0x04, 0x44, 0x40, 0x41, 0x31, 0x30,
    0xC3, 0x00, 0x40, 0xC3, 0x0C, 0x0C, 0x0C, 0x03, 0x00, 0x00, 0x00, 0x00, 0x00, 0x00, 0x03, 0x00,
    0x0C, 0x00, 0x00, 0x0C, 0x03, 0x00, 0x30, 0x30, 0x00, 0x03, 0x00, 0x03, 0x11, 0x01, 0x10, 0x00,
    0x00, 0x10, 0x00, 0x10, 0x00, 0x04, 0x00, 0x00, 0x00, 0x10, 0x04, 0x11, 0x01, 0x10, 0x04, 0x04,
    0x40, 0x10, 0x01, 0x11, 0x01, 0x10, 0x40, 0x00, 0x10, 0x10, 0x00, 0x00, 0x00, 0x00, 0x00, 0x00,
    0x00, 0x00, 0x00, 0x30, 0x03, 0x03, 0x00, 0xC3, 0x03, 0x03, 0x00, 0x00, 0xC0, 0x30, 0x00, 0xC0,
    0x00, 0x03, 0x00, 0x00, 0x30, 0x30, 0x0C, 0x03, 0x04, 0x40, 0x01, 0x11, 0x11, 0x01, 0x11, 0x04,
    0x44, 0x41, 0x11, 0x11, 0x11, 0x04, 0x43, 0x00, 0x44, 0x04, 0x40, 0x40, 0x11, 0x04, 0x44, 0x00,
    0x40, 0x04, 0x11, 0x11, 0x04, 0x01, 0x04, 0x00, 0x00, 0x10, 0x0C, 0x0C, 0x03, 0x03, 0x03, 0x00,
    0x30, 0x00, 0x0C, 0x00, 0x00, 0x00, 0x30, 0x30, 0x00, 0x00, 0xCC, 0x00, 0xC0, 0x30, 0x03, 0x03,
    0x00, 0x00, 0x00, 0x33, 0xC0, 0x11, 0x10, 0x00, 0x04, 0x10, 0x00, 0x40, 0x00, 0x10, 0x00, 0x00,
    0x40, 0x40, 0x04, 0x44, 0x00, 0x40, 0x11, 0x11, 0x00, 0x40, 0x01, 0x10, 0x11, 0x10, 0xC0, 0x00,
    0x41, 0x10, 0x00, 0xC1, 0x0C, 0x00, 0xC0, 0x00, 0x30, 0x30, 0x30, 0x03, 0x00, 0x30, 0x00, 0x0C,
    0x30, 0xC3, 0x00, 0x00, 0x0C, 0x0C, 0x00, 0x0C, 0x03, 0x00, 0x30, 0x00, 0x03, 0x03, 0x00, 0x03,
    0x11, 0x00, 0x04, 0x44, 0x41, 0x04, 0x44, 0x04, 0x44, 0x44, 0x44, 0x44, 0x10, 0x11, 0x00, 0x01,
    0x10, 0x11, 0x00, 0x00, 0x44, 0x04, 0x40, 0x04, 0x00, 0x04, 0x11, 0x10, 0x10, 0x0C, 0x40, 0x00,
    0x00, 0x00, 0x03, 0x03, 0x00, 0x00, 0x00, 0x30, 0x03, 0x00, 0xC0, 0xC0, 0x00, 0x00, 0x03, 0x0C,
    0x00, 0xC0, 0x00, 0xC0, 0x00, 0x03, 0x00, 0x30, 0x30, 0x00, 0x0C, 0x03, 0x00, 0x44, 0x40, 0x00,
    0x10, 0x00, 0x01, 0x10, 0x01, 0x00, 0x01, 0x01, 0x04, 0x00, 0x44, 0x40, 0x04, 0x00, 0x44, 0x44,
    0x01, 0x00, 0x11, 0x01, 0x11, 0x01, 0x00, 0x04, 0x04, 0x40, 0x04, 0x00, 0x00, 0xC3, 0x00, 0x30,
    0x03, 0x03, 0x03, 0x00, 0x30, 0x00, 0x00, 0x00, 0x0C, 0x00, 0xC0, 0x00, 0xC0, 0x00, 0xC0, 0x00,
    0xC0, 0x30, 0x03, 0x00, 0x00, 0x30, 0x00, 0x33, 0x10, 0x00, 0x04, 0x44, 0x01, 0x11, 0x10, 0x04,
    0x44, 0x11, 0x10, 0x40, 0x41, 0x10, 0x00, 0x11, 0x01, 0x10, 0x00, 0x01, 0x10, 0x44, 0x00, 0x40,
    0x00, 0x40, 0x11, 0x01, 0x00, 0x11, 0x00, 0x30, 0xC0, 0x00, 0x0C, 0x00, 0x30, 0x00, 0x00, 0x03,
    0x00, 0x30, 0x30, 0x30, 0xC0, 0x30, 0x00, 0xC0, 0x03, 0x0C, 0x03, 0x0C, 0x03, 0x00, 0x30, 0x03,
    0x03, 0x00, 0xC0, 0x03, 0x04, 0x41, 0x00, 0x00, 0x40, 0x00, 0x01, 0x00, 0x01, 0x00, 0x04, 0x10,
    0x00, 0x04, 0x44, 0x40, 0x44, 0x04, 0x44, 0x40, 0x00, 0x01, 0x10, 0x11, 0x10, 0x11, 0x00, 0x40,
    0x44, 0x00, 0x10, 0x00, 0x03, 0x00, 0xC0, 0x0C, 0x00, 0xC0, 0xC0, 0xC0, 0x03, 0x00, 0x03, 0x00,
    0x00, 0x00, 0x30, 0x00, 0x30, 0x00, 0x00, 0x00, 0x00, 0x03, 0x00, 0x30, 0x00, 0x00, 0x03, 0x03,
    0xC0, 0x04, 0x11, 0x10, 0x11, 0x11, 0x10, 0x11, 0x10, 0x11, 0x00, 0x04, 0x44, 0x40, 0x00, 0x11,
    0x01, 0x00, 0x00, 0x11, 0x11, 0x10, 0x04, 0x00, 0x04, 0x00, 0x10, 0x10, 0x01, 0x10, 0x00, 0xC0,
    0x30, 0x0C, 0x00, 0xC0, 0x0C, 0x0C, 0x0C, 0x00, 0xC0, 0x03, 0x00, 0x00, 0x30, 0xC3, 0x00, 0x30,
    0x00, 0x00, 0xC0, 0xC0, 0xC0, 0xC0, 0x03, 0x00, 0x30, 0x30, 0x30, 0x03, 0x11, 0x00, 0x00, 0x01,
    0x00, 0x00, 0x04, 0x00, 0x04, 0x00, 0x44, 0x40, 0x00, 0x11, 0x11, 0x00, 0x10, 0x44, 0x44, 0x00,
    0x00, 0x04, 0x41, 0x11, 0x01, 0x11, 0x04, 0x04, 0x40, 0x01, 0x0C, 0x03, 0x00, 0x00, 0x0C, 0x00,
    0xC0, 0x00, 0x00, 0x0C, 0x00, 0x30, 0x00, 0x30, 0x00, 0x00, 0x03, 0x03, 0x03, 0x0C, 0x0C, 0x00,
    0x0C, 0x00, 0x30, 0x03, 0x00, 0x00, 0x00, 0x03, 0x00, 0x44, 0x44, 0x10, 0x11, 0x11, 0x01, 0x11,
    0x01, 0x10, 0x00, 0x11, 0x11, 0x00, 0x00, 0x11, 0x00, 0x00, 0x01, 0x11, 0x11, 0x00, 0x10, 0x00,
    0x40, 0x00, 0x40, 0x40, 0x11, 0x10, 0x00, 0x00, 0x03, 0x03, 0x00, 0x0C, 0x00, 0xC0, 0xC0, 0xC0,
    0x0C, 0x00, 0x30, 0x03, 0x03, 0x00, 0xC0, 0x00, 0x00, 0x00, 0x00, 0x0C, 0x00, 0x0C, 0x00, 0x30,
    0x03, 0x03, 0x03, 0x03, 0x10, 0x00, 0x00, 0x01, 0x00, 0x00, 0x10, 0x00, 0x10, 0x04, 0x44, 0x00,
    0x00, 0x44, 0x44, 0x00, 0x44, 0x44, 0x44, 0x10, 0x04, 0x44, 0x01, 0x10, 0x11, 0x10, 0x10, 0x04,
    0x00, 0x01, 0x00, 0xC0, 0xC0, 0x00, 0x03, 0x00, 0x0C, 0x00, 0x00, 0x00, 0xC0, 0x03, 0x03, 0x00,
    0x00, 0x0C, 0x00, 0x30, 0x30, 0xC0, 0xC0, 0xC0, 0x00, 0xC0, 0x03, 0x00, 0x30, 0x00, 0x00, 0x03,
    0x04, 0x44, 0x44, 0x40, 0x10, 0x41, 0x01, 0x04, 0x01, 0x00, 0x01, 0x11, 0x10, 0x00, 0x01, 0x10,
    0x00, 0x00, 0x11, 0x04, 0x40, 0x01, 0x10, 0x04, 0x00, 0x04, 0x04, 0x41, 0x11, 0x10, 0x30, 0x00,
    0x00, 0xC0, 0xC0, 0x03, 0x00, 0x0C, 0x30, 0x30, 0x00, 0xC0, 0x00, 0x00, 0xC0, 0xC0, 0x0C, 0x00,
    0x00, 0x00, 0x00, 0x00, 0xC0, 0x00, 0xC0, 0x03, 0x00, 0x30, 0x30, 0x33, 0xC0, 0x00, 0x00, 0x04,
    0x00, 0x04, 0x10, 0x00, 0x40, 0x11, 0x10, 0x00, 0x04, 0x44, 0x40, 0x04, 0x44, 0x44, 0x40, 0x10,
    0x11, 0x10, 0x04, 0x41, 0x11, 0x01, 0x00, 0x10, 0x00, 0x03, 0x00, 0x10, 0x04, 0x0C, 0x00, 0xC0,
    0x03, 0x00, 0x03, 0x00, 0x0C, 0x00, 0x30, 0x30, 0x0C, 0x00, 0xC0, 0x0C, 0x0C, 0x0C, 0x0C, 0x0C,
    0x03, 0x00, 0x00, 0x30, 0x03, 0x00, 0x00, 0x03, 0x11, 0x11, 0x11, 0x00, 0x41, 0x00, 0x01, 0x10,
    0x11, 0x00, 0x01, 0x11, 0x00, 0x00, 0x11, 0x00, 0x00, 0x00, 0x11, 0x01, 0x00, 0x04, 0x40, 0x10,
    0x00, 0x40, 0x44, 0x04, 0x44, 0x40, 0x01, 0x00, 0xC0, 0x00, 0x0C, 0x00, 0xC0, 0x03, 0x00, 0x03,
    0x00, 0x0C, 0x00, 0x00, 0x00, 0x0C, 0x00, 0xC0, 0x00, 0x00, 0x00, 0x00, 0x00, 0x0C, 0x0C, 0x00,
    0x30, 0x03, 0x03, 0x03, 0x00, 0x00, 0x00, 0x10, 0x00, 0x11, 0x10, 0x01, 0x00, 0x10, 0x40, 0x00,
    0x44, 0x44, 0x00, 0x11, 0x11, 0x11, 0x00, 0xC4, 0x44, 0x40, 0x11, 0x01, 0x10, 0x11, 0x01, 0x10,
    0x00, 0x04, 0x00, 0x00, 0x00, 0x03, 0x00, 0x0C, 0x00, 0xC0, 0x00, 0xC0, 0x03, 0x00, 0x0C, 0x0C,
    0x30, 0xC0, 0x0C, 0x00, 0xC3, 0x03, 0x0C, 0x30, 0xC0, 0xC0, 0x00, 0x03, 0x00, 0x30, 0x00, 0x03,
    0x10, 0x44, 0x44, 0x04, 0x44, 0x00, 0x00, 0x40, 0x04, 0x00, 0x04, 0x44, 0x00, 0x01, 0x11, 0x00,
    0x00, 0x00, 0x44, 0x40, 0x01, 0x11, 0x00, 0x40, 0x04, 0x40, 0x40, 0x04, 0x44, 0x40, 0x30, 0x0C,
    0x0C, 0x30, 0x03, 0x00, 0x0C, 0x00, 0xC0, 0x00, 0xC0, 0x03, 0x00, 0xC0, 0x00, 0x00, 0xC0, 0x0C,
    0x00, 0x30, 0x00, 0x00, 0x00, 0x00, 0xC0, 0xC0, 0x03, 0x00, 0x30, 0x03, 0x00, 0x00, 0x01, 0x00,
    0x00, 0x41, 0x04, 0x04, 0x00, 0x11, 0x00, 0x00, 0x44, 0x40, 0x00, 0x11, 0x11, 0x10, 0x00, 0x11,
    0x10, 0x00, 0x44, 0x11, 0x10, 0x10, 0x11, 0x10, 0x00, 0x0C, 0x00, 0xC0, 0x00, 0x00, 0xC0, 0x03,
    0x00, 0x0C, 0x0C, 0x30, 0x00, 0x30, 0x00, 0x00, 0xC0, 0x0C, 0x00, 0xC0, 0x00, 0x00, 0x30, 0x0C,
    0x0C, 0x0C, 0x00, 0x00, 0x30, 0x03, 0x00, 0xC3, 0x10, 0x40, 0x40, 0x11, 0x04, 0x00, 0x00, 0x40,
    0x41, 0x00, 0x10, 0x40, 0x00, 0x04, 0x41, 0x00, 0x00, 0x04, 0x44, 0x00, 0x04, 0x44, 0x01, 0x01,
    0x04, 0x44, 0x00, 0x4C, 0x44, 0x40, 0x00, 0x00, 0xC0, 0xC0, 0x00, 0xC0, 0x03, 0x00, 0x00, 0x00,
    0x30, 0x00, 0x30, 0x0C, 0x03, 0x00, 0x0C, 0x00, 0xC3, 0x03, 0x00, 0xC0, 0x00, 0x00, 0x0C, 0x0C,
    0x00, 0x30, 0x00, 0x03, 0x00, 0x04, 0x04, 0x00, 0x00, 0x44, 0x40, 0x00, 0x00, 0x31, 0x00, 0x04,
    0x10, 0x40, 0x00, 0x10, 0x41, 0x00, 0x01, 0x11, 0x00, 0x01, 0x10, 0xD0, 0x40, 0x01, 0x11, 0x04,
    0x00, 0x04, 0x0C, 0x0C, 0x00, 0x03, 0x0C, 0x00, 0xC0, 0x03, 0x03, 0x03, 0x00, 0xC3, 0x00, 0xC0,
    0x00, 0x03, 0x00, 0x0C, 0x00, 0x00, 0x00, 0x00, 0xC0, 0xC0, 0xC0, 0x00, 0x03, 0x00, 0x30, 0x03,
    0x11, 0x00, 0x00, 0x00, 0x40, 0x00, 0x04, 0x13, 0x11, 0x00, 0x10, 0x40, 0x00, 0x04, 0x11, 0x03,
    0x04, 0x11, 0x10, 0x00, 0x44, 0x4C, 0x04, 0x04, 0x04, 0x40, 0x04, 0xC1, 0x13, 0x00, 0x00, 0x00,
    0x0C, 0x30, 0x00, 0x0C, 0x00, 0xC0, 0x00, 0x00, 0x00, 0x00, 0x00, 0x00, 0xC0, 0xC0, 0x00, 0xC0,
    0x0C, 0x30, 0x30, 0x30, 0x00, 0x00, 0x00, 0xC0, 0xC0, 0x03, 0x00, 0xC3, 0x00, 0x44, 0x40, 0x40,
    0x00, 0x00, 0x00, 0x00, 0x40, 0x44, 0x40, 0x01, 0x04, 0x40, 0x00, 0x10, 0x40, 0x40, 0x0C, 0x44,
    0x00, 0x11, 0x01, 0x00, 0x40, 0x11, 0x44, 0x50, 0x44, 0x00, 0xC0, 0xC0, 0xC0, 0x00, 0x30, 0xC0,
    0x0C, 0x00, 0xC0, 0xC3, 0x0C, 0x0C, 0x30, 0x30, 0x0C, 0x00, 0x30, 0x00, 0xC0, 0x00, 0x03, 0x00,
    0x30, 0x30, 0x0C, 0x00, 0x00, 0x30, 0x00, 0x03, 0xD0, 0x00, 0x04, 0x00, 0x01, 0x04, 0x44, 0x44,
    0x11, 0x11, 0x1D, 0x10, 0x00, 0x04, 0x41, 0x01, 0x04, 0x31, 0x10, 0x01, 0x11, 0x00, 0x40, 0x44,
    0x15, 0x54, 0x55, 0x45, 0x74, 0x30, 0x00, 0x00, 0x00, 0xC3, 0x00, 0x00, 0xC0, 0x0C, 0x0C, 0x00,
    0x00, 0x00, 0x03, 0x00, 0x00, 0x0C, 0x00, 0x0C, 0x00, 0x0C, 0x00, 0x03, 0x00, 0x00, 0xC0, 0x0C,
    0x0C, 0x00, 0x30, 0x03, 0x04, 0x44, 0x00, 0x04, 0x40, 0x40, 0xC4, 0xC4, 0x44, 0x44, 0x44, 0x44,
    0x44, 0x00, 0x00, 0x10, 0x03, 0x10, 0x04, 0x40, 0x00, 0x44, 0x11, 0x11, 0x5D, 0x15, 0x5D, 0x5D,
    0x10, 0x00, 0x0C, 0x0C, 0x0C, 0x00, 0x0C, 0x0C, 0x00, 0xC0, 0x00, 0x0C, 0x03, 0x03, 0x00, 0x03,
    0x00, 0xC0, 0x0C, 0x00, 0x0C, 0x00, 0xC0, 0xC0, 0x03, 0x00, 0x00, 0xC0, 0x00, 0x03, 0x00, 0xC3,
    0x10, 0x00, 0x40, 0x40, 0x11, 0x15, 0x44, 0x51, 0xD1, 0xD1, 0x11, 0x11, 0x11, 0x10, 0xC4, 0x01,
    0x30, 0x01, 0x00, 0x11, 0x14, 0x45, 0x55, 0x15, 0x55, 0x55, 0xD4, 0x44, 0x50, 0x01, 0x00, 0x00,
    0x00, 0x0C, 0x00, 0xC0, 0x0C, 0x00, 0xC0, 0xC0, 0x30, 0x30, 0x00, 0x30, 0x0C, 0x00, 0xC0, 0xC0,
    0xC0, 0xC0, 0x00, 0x00, 0x30, 0x0C, 0x0C, 0x00, 0xC0, 0xC0, 0x00, 0x03, 0x04, 0x44, 0x04, 0x04,
    0x44, 0x4C, 0x45, 0x14, 0x54, 0x54, 0x54, 0x74, 0x51, 0x14, 0x41, 0x10, 0x11, 0x10, 0x45, 0x11,
    0x45, 0x54, 0x45, 0x54, 0x55, 0x45, 0x45, 0x15, 0x10, 0x10, 0x03, 0x03, 0x03, 0x00, 0x30, 0x00,
    0xC0, 0x0C, 0x00, 0x03, 0x00, 0x00, 0x30, 0x00, 0x00, 0x0C, 0x00, 0x00, 0x00, 0x00, 0x30, 0x30,
    0x00, 0x00, 0x00, 0x0C, 0x00, 0x00, 0x30, 0x03, 0xC0, 0x00, 0x41, 0x11, 0x11, 0xD5, 0x51, 0x45,
    0x11, 0x45, 0x45, 0x55, 0x14, 0x75, 0x54, 0x45, 0x44, 0x45, 0x51, 0x54, 0x54, 0x45, 0x51, 0x45,
    0x51, 0x55, 0x51, 0x45, 0x00, 0x00, 0x30, 0x30, 0x30, 0x03, 0x00, 0x0C, 0x00, 0xC0, 0x30, 0xC0,
    0x03, 0x03, 0x03, 0x03, 0x03, 0x00, 0x0C, 0x0C, 0x0C, 0x0C, 0x03, 0x00, 0xC3, 0x03, 0x00, 0xC0,
    0x0C, 0x0C, 0x00, 0xC3, 0x11, 0x10, 0xD3, 0x44, 0x45, 0x11, 0x17, 0x56, 0x57, 0x51, 0x5D, 0x11,
    0x45, 0x44, 0x45, 0x57, 0x55, 0x54, 0x47, 0x11, 0x11, 0x54, 0x55, 0x55, 0x55, 0x54, 0x44, 0x50,
    0x10, 0x03, 0x00, 0x00, 0x00, 0xC0, 0x0C, 0x00, 0x0C, 0x00, 0x00, 0x00, 0x30, 0x00, 0x00, 0x00,
    0x30, 0x00, 0xC0, 0x00, 0xC0, 0x00, 0x00, 0x00, 0x00, 0x00, 0x0C, 0x00, 0xC0, 0x00, 0x0C, 0x03,
    0x00, 0x11, 0x11, 0x11, 0xD1, 0x55, 0x45, 0x11, 0x15, 0x17, 0x45, 0x55, 0x54, 0x54, 0x51, 0x11,
    0x11, 0x04, 0x51, 0x55, 0x55, 0x15, 0x45, 0xD5, 0x55, 0x45, 0x15, 0x11, 0x00, 0xC0, 0x03, 0x01,
    0x0C, 0x00, 0xC0, 0xC3, 0x00, 0x30, 0xC3, 0x0C, 0x00, 0xC0, 0xC0, 0xC3, 0x00, 0x30, 0x03, 0x0C,
    0x00, 0xC3, 0x0C, 0x30, 0x30, 0x30, 0x00, 0x0C, 0x00, 0xC0, 0xC0, 0x03, 0x11, 0x11, 0x11, 0x45,
    0x14, 0x44, 0x5D, 0x55, 0x46, 0x51, 0x51, 0x14, 0x55, 0x55, 0x14, 0x45, 0x45, 0x55, 0x15, 0x14,
    0x51, 0x51, 0x55, 0x54, 0x51, 0x51, 0x44, 0x40, 0x00, 0x00, 0x30, 0x30, 0x00, 0x30, 0x00, 0x00,
    0x0C, 0x00, 0x00, 0x00, 0x0C, 0x0C, 0x00, 0x00, 0x03, 0x00, 0x30, 0x00, 0x0C, 0x00, 0x00, 0x03,
    0x00, 0x00, 0xC0, 0xC0, 0x0C, 0x00, 0x00, 0xC3, 0x34, 0x45, 0x44, 0x51, 0x45, 0x19, 0x14, 0x44,
    0x59, 0x15, 0x15, 0x51, 0x45, 0x45, 0x55, 0x14, 0x54, 0x51, 0x55, 0x55, 0x55, 0x55, 0x55, 0x45,
    0x74, 0x44, 0x44, 0x00, 0x30, 0xC3, 0x00, 0x00, 0x30, 0x00, 0xC3, 0x0C, 0x00, 0x0C, 0x30, 0xC3,
    0x00, 0x00, 0x30, 0xC0, 0xC0, 0x0C, 0x00, 0x30, 0xC0, 0x0C, 0x0C, 0x00, 0x03, 0x00, 0x00, 0x00,
    0xC0, 0x0C, 0x0C, 0x03, 0xC4, 0x51, 0x15, 0x14, 0x51, 0x51, 0x65, 0x59, 0x45, 0x51, 0x64, 0x45,
    0x54, 0x54, 0x51, 0x55, 0x45, 0x55, 0xD1, 0x45, 0x15, 0xD5, 0x74, 0x54, 0x44, 0x44, 0xC0, 0x03,
    0x00, 0x00, 0x0C, 0x0C, 0x03, 0x0C, 0x00, 0x00, 0xC3, 0x00, 0x00, 0x00, 0x0C, 0x30, 0x00, 0x0C,
    0x00, 0xC0, 0x0C, 0x00, 0x00, 0xC0, 0xC0, 0x30, 0x30, 0x0C, 0x30, 0x30, 0x00, 0xC0, 0x00, 0x03,
    0x45, 0x15, 0x47, 0x46, 0x16, 0x45, 0xD1, 0x14, 0x54, 0x65, 0x11, 0x51, 0x11, 0x45, 0x14, 0x47,
    0x55, 0x11, 0x55, 0x55, 0x55, 0x51, 0x45, 0x11, 0x11, 0x10, 0x00, 0x00, 0x0C, 0x30, 0xC0, 0xC0,
    0x30, 0x00, 0x30, 0xC0, 0x00, 0x30, 0xC3, 0x0C, 0x00, 0x03, 0x0C, 0x00, 0x30, 0x03, 0x00, 0x0C,
    0x0C, 0x00, 0x03, 0x00, 0x00, 0xC0, 0x03, 0x00, 0x30, 0x03, 0x03, 0x03, 0x11, 0x44, 0x51, 0x45,
    0x44, 0x57, 0x55, 0x65, 0x91, 0x45, 0x54, 0x45, 0x14, 0x51, 0x45, 0x11, 0x11, 0x55, 0x51, 0x45,
    0x11, 0x14, 0x44, 0x44, 0x51, 0x00, 0x00, 0x30, 0xC0, 0x00, 0x00, 0x03, 0x00, 0xC1, 0x00, 0x04,
    0x30, 0x00, 0x00, 0x00, 0xC3, 0x00, 0x00, 0xC3, 0x00, 0xC0, 0x0C, 0x00, 0xC0, 0x0C, 0x00, 0x0C,
    0x30, 0x00, 0xC0, 0x03, 0x00, 0x30, 0x30, 0x33, 0x45, 0xD5, 0x94, 0x51, 0x15, 0x45, 0x11, 0x45,
    0x15, 0x54, 0x45, 0x1D, 0x47, 0x44, 0x51, 0x45, 0x14, 0x44, 0x45, 0x14, 0x51, 0x44, 0x44, 0x45,
    0x00, 0x00, 0x00, 0x00, 0x03, 0x0C, 0x30, 0xC0, 0x0C, 0x00, 0x0C, 0x00, 0x03, 0x0C, 0x30, 0xC0,
    0x00, 0x30, 0xC0, 0x00, 0x0C, 0x03, 0x00, 0xC0, 0x03, 0x00, 0xC3, 0x00, 0x00, 0x30, 0x00, 0xC0,
    0x0C, 0x00, 0x00, 0x03, 0xD1, 0x51, 0x45, 0x19, 0x74, 0x59, 0x56, 0x51, 0x5D, 0x15, 0x51, 0x54,
    0x51, 0x15, 0x14, 0x51, 0x44, 0x44, 0x44, 0x44, 0x44, 0x44, 0x44, 0x50, 0x00, 0x00, 0x03, 0x04,
    0x30, 0x00, 0x00, 0x0C, 0x00, 0x30, 0xC0, 0xC3, 0x00, 0x00, 0x00, 0x0C, 0x30, 0x00, 0x0C, 0x30,
    0xC0, 0x30, 0x0C, 0x0C, 0x30, 0x0C, 0x00, 0x0C, 0x30, 0x00, 0x30, 0x00, 0xC0, 0x0C, 0x0C, 0x03,
    0x44, 0x54, 0x54, 0x51, 0x15, 0x91, 0x45, 0x15, 0xD5, 0x44, 0x55, 0xD5, 0x15, 0x44, 0x45, 0x14,
    0x51, 0x51, 0x45, 0x45, 0x14, 0x51, 0x44, 0x00, 0x00, 0x00, 0x00, 0x00, 0x00, 0x43, 0x04, 0x00,
    0x43, 0x00, 0x00, 0x00, 0x30, 0x43, 0x0C, 0x00, 0x03, 0x30, 0xC0, 0x00, 0x03, 0x00, 0xC0, 0x00,
    0x00, 0xC0, 0x30, 0xC0, 0x03, 0x0C, 0x00, 0x30, 0x03, 0x00, 0xC0, 0xC3, 0x49, 0x45, 0x91, 0x45,
    0x44, 0x55, 0x59, 0x51, 0x44, 0x55, 0x45, 0x45, 0x51, 0x55, 0x51, 0x55, 0x14, 0x44, 0x51, 0x1D,
    0x45, 0x14, 0x44, 0x40, 0xC4, 0x00, 0xC0, 0x43, 0x04, 0x00, 0x00, 0xC0, 0x00, 0x0C, 0x33, 0x0C,
    0x00, 0x00, 0x00, 0x43, 0x30, 0x00, 0x03, 0x0C, 0x30, 0x0C, 0x03, 0x0C, 0x0C, 0x03, 0x00, 0x03,
    0x00, 0x00, 0x30, 0x00, 0xC0, 0x00, 0x00, 0x03, 0x71, 0x59, 0x15, 0xD1, 0x95, 0x11, 0x14, 0x55,
    0x55, 0x64, 0x54, 0x54, 0x54, 0x44, 0x55, 0x11, 0x45, 0x15, 0x14, 0x51, 0x11, 0x44, 0x00, 0x00,
    0x00, 0x0C, 0x00, 0x00, 0x00, 0x30, 0xC0, 0x0C, 0x30, 0xC0, 0x00, 0x00, 0xC3, 0x0C, 0xC4, 0x00,
    0x00, 0xC3, 0x00, 0x00, 0x00, 0xC0, 0x30, 0x00, 0xC0, 0x30, 0x0C, 0x30, 0x30, 0xC3, 0x03, 0x0C,
    0x00, 0xC3, 0x0C, 0x33, 0x51, 0x11, 0x55, 0x14, 0x44, 0x55, 0x55, 0x44, 0x64, 0x55, 0x75, 0x55,
    0x45, 0x55, 0x11, 0x57, 0x51, 0x44, 0x45, 0x11, 0x54, 0x10, 0x30, 0x0C, 0x00, 0xC0, 0x00, 0x30,
    0xC3, 0x00, 0x0C, 0x00, 0x00, 0x0C, 0xC1, 0x0C, 0x00, 0x00, 0x00, 0x30, 0xCC, 0x00, 0x33, 0x33,
    0x0C, 0x03, 0x00, 0xC0, 0x03, 0x00, 0xC0, 0x00, 0x00, 0x00, 0x00, 0x00, 0x30, 0x00, 0x00, 0x03,
    0x51, 0x55, 0x15, 0x45, 0x59, 0x75, 0x64, 0x55, 0x55, 0x47, 0x54, 0x44, 0x54, 0x51, 0x55, 0x15,
    0x14, 0x51, 0x51, 0x14, 0x41, 0x00, 0x01, 0x00, 0x40, 0x00, 0x30, 0x00, 0x00, 0x0C, 0x00, 0xC3,
    0x0C, 0x00, 0x00, 0x00, 0xCC, 0xC3, 0x03, 0x00, 0x00, 0x43, 0x00, 0x00, 0x00, 0x30, 0x0C, 0x0C,
    0x30, 0x0C, 0x03, 0x0C, 0x30, 0xC3, 0x0C, 0x30, 0x00, 0xC3, 0x0C, 0x03, 0x58, 0x45, 0x59, 0x51,
    0x11, 0x16, 0x55, 0x64, 0x51, 0x55, 0x15, 0x55, 0x45, 0x45, 0x11, 0x44, 0x51, 0xD4, 0x45, 0x44,
    0x40, 0x03, 0x00, 0x00, 0x0C, 0x30, 0x03, 0x0C, 0xC3, 0x00, 0x40, 0x0C, 0x03, 0x10, 0x43, 0x0C,
    0x00, 0x00, 0x30, 0x0C, 0x10, 0x00, 0x30, 0x30, 0x43, 0x00, 0xC0, 0x00, 0x00, 0xC0, 0x30, 0x00,
    0x00, 0x00, 0x00, 0x03, 0x0C, 0x00, 0x00, 0xC3, 0x95, 0x14, 0x54, 0x59, 0x15, 0x44, 0x54, 0x55,
    0x55, 0x51, 0x51, 0x11, 0x54, 0x55, 0x54, 0x55, 0x14, 0x45, 0x11, 0x11, 0x00, 0x30, 0x10, 0x30,
    0x00, 0x03, 0x00, 0x00, 0x00, 0x30, 0x0C, 0xC0, 0x40, 0x00, 0x00, 0x00, 0x10, 0xC1, 0x00, 0xC0,
    0x00, 0x33, 0x01, 0x00, 0x00, 0x0C, 0x03, 0x0C, 0x30, 0x03, 0x00, 0xC3, 0x0C, 0x30, 0xC3, 0x00,
    0x00, 0x30, 0xC0, 0x03, 0x51, 0x45, 0x55, 0x45, 0x44, 0x44, 0x45, 0x46, 0x45, 0xD5, 0x45, 0x55,
    0x15, 0x44, 0x45, 0x11, 0x11, 0x44, 0x51, 0x00, 0x03, 0x00, 0x00, 0x03, 0x0C, 0x10, 0x30, 0x43,
    0x04, 0x00, 0xC0, 0x04, 0x03, 0x0C, 0x30, 0xCC, 0x00, 0x00, 0x0C, 0x0C, 0x33, 0x00, 0x30, 0x0C,
    0x30, 0xC0, 0x30, 0x00, 0x00, 0xC0, 0x0C, 0x00, 0x00, 0x00, 0x00, 0x30, 0xC3, 0x00, 0x0C, 0x33,
    0xD5, 0x16, 0x55, 0x54, 0x66, 0x45, 0x97, 0x51, 0x55, 0x54, 0x55, 0x17, 0x51, 0x5D, 0x44, 0x44,
    0x44, 0x54, 0x44, 0x00, 0x30, 0x04, 0x03, 0x00, 0x00, 0x00, 0x00, 0x00, 0x00, 0xCC, 0x03, 0x00,
    0x30, 0x00, 0x00, 0x00, 0x30, 0xC3, 0x00, 0xC0, 0x00, 0x0C, 0x00, 0xC0, 0x00, 0x0C, 0x00, 0xC3,
    0x0C, 0x03, 0x00, 0x30, 0xC3, 0x0C, 0x30, 0x00, 0x00, 0x0C, 0x00, 0x03, 0x57, 0x51, 0x45, 0x94,
    0x45, 0x11, 0x11, 0x15, 0x47, 0x45, 0x47, 0x51, 0x14, 0xD1, 0x14, 0x51, 0x55, 0x11, 0x00, 0x31,
    0x01, 0x00, 0x30, 0x10, 0x41, 0x0C, 0x10, 0x30, 0x40, 0x00, 0x30, 0x0C, 0x03, 0x0C, 0xCC, 0x31,
    0x00, 0x00, 0x30, 0x0C, 0x30, 0xC0, 0xC0, 0x0C, 0x33, 0x00, 0xC0, 0x00, 0x00, 0x30, 0x0C, 0x00,
    0x00, 0x00, 0x03, 0x0C, 0x30, 0xC0, 0xC3, 0x03, 0xD5, 0x15, 0x55, 0x55, 0x95, 0x59, 0x51, 0x44,
    0x55, 0x51, 0xD4, 0x45, 0x11, 0x14, 0x45, 0x14, 0x41, 0x00, 0x00, 0x00, 0x00, 0x03, 0x00, 0x00,
    0x00, 0x00, 0x03, 0x00, 0x0C, 0x30, 0x03, 0x00, 0xC0, 0x00, 0x00, 0x00, 0x0C, 0x10, 0x03, 0x00,
    0x00, 0x0C, 0x04, 0x00, 0x00, 0x30, 0x04, 0x30, 0xC3, 0x00, 0xC0, 0x30, 0xC3, 0x0C, 0x30, 0x00,
    0x00, 0x00, 0x00, 0x33, 0x45, 0x59, 0x59, 0x11, 0x11, 0x11, 0x14, 0x64, 0x44, 0x44, 0x44, 0x51,
    0x11, 0x45, 0x51, 0x45, 0xD0, 0x00, 0xC1, 0x00, 0xC0, 0x30, 0x04, 0x0C, 0x0C, 0x30, 0xC0, 0x0C,
    0x00, 0x01, 0x00, 0x10, 0x0C, 0x10, 0x33, 0x03, 0x00, 0x03, 0x00, 0x13, 0x10, 0xC0, 0x40, 0xC1,
    0x0C, 0x01, 0x00, 0x00, 0x00, 0x0C, 0x03, 0x00, 0x00, 0x00, 0x00, 0xC3, 0x0C, 0x30, 0xC3, 0x03,
};

#endif
